author_id,name,email
145642373.0,Han Xiao,han.xiao@university.edu
4565995.0,Kashif Rasul,kashif.rasul@university.edu
2742129.0,Roland Vollgraf,roland.vollgraf@university.edu
2057642721.0,Martín Abadi,martín.abadi@university.edu
144758007.0,P. Barham,p..barham@university.edu
2108406634.0,Jianmin Chen,jianmin.chen@university.edu
2545358.0,Z. Chen,z..chen@university.edu
36347083.0,Andy Davis,andy.davis@university.edu
49959210.0,J. Dean,j..dean@university.edu
145139947.0,M. Devin,m..devin@university.edu
1780892.0,Sanjay Ghemawat,sanjay.ghemawat@university.edu
2060655766.0,G. Irving,g..irving@university.edu
2090818.0,M. Isard,m..isard@university.edu
1942300.0,M. Kudlur,m..kudlur@university.edu
3369421.0,J. Levenberg,j..levenberg@university.edu
3089272.0,R. Monga,r..monga@university.edu
144375552.0,Sherry Moore,sherry.moore@university.edu
20154699.0,D. Murray,d..murray@university.edu
32163737.0,Benoit Steiner,benoit.steiner@university.edu
2080690.0,P. Tucker,p..tucker@university.edu
2053781980.0,Vijay Vasudevan,vijay.vasudevan@university.edu
47941411.0,Pete Warden,pete.warden@university.edu
35078078.0,M. Wicke,m..wicke@university.edu
2117163698.0,Yuan Yu,yuan.yu@university.edu
2108113547.0,Xiaoqiang Zhang,xiaoqiang.zhang@university.edu
2078528337.0,Ashish Agarwal,ashish.agarwal@university.edu
2445241.0,E. Brevdo,e..brevdo@university.edu
48738717.0,C. Citro,c..citro@university.edu
32131713.0,G. Corrado,g..corrado@university.edu
153440022.0,I. Goodfellow,i..goodfellow@university.edu
2064102917.0,A. Harp,a..harp@university.edu
39978391.0,Yangqing Jia,yangqing.jia@university.edu
1944541.0,R. Józefowicz,r..józefowicz@university.edu
40527594.0,Lukasz Kaiser,lukasz.kaiser@university.edu
30415265.0,Dandelion Mané,dandelion.mané@university.edu
37232298.0,C. Olah,c..olah@university.edu
144927151.0,M. Schuster,m..schuster@university.edu
1789737.0,Jonathon Shlens,jonathon.shlens@university.edu
1701686.0,I. Sutskever,i..sutskever@university.edu
35210462.0,Kunal Talwar,kunal.talwar@university.edu
2657155.0,Vincent Vanhoucke,vincent.vanhoucke@university.edu
1765169.0,F. Viégas,f..viégas@university.edu
1689108.0,O. Vinyals,o..vinyals@university.edu
145233583.0,M. Wattenberg,m..wattenberg@university.edu
2152198093.0,Xiaoqiang Zheng,xiaoqiang.zheng@university.edu
48395540.0,C. Rudin,c..rudin@university.edu
51997673.0,Ninareh Mehrabi,ninareh.mehrabi@university.edu
2775559.0,Fred Morstatter,fred.morstatter@university.edu
51884035.0,N. Saxena,n..saxena@university.edu
1782658.0,Kristina Lerman,kristina.lerman@university.edu
143728483.0,A. Galstyan,a..galstyan@university.edu
1713687.0,M. Kubát,m..kubát@university.edu
3008587.0,Xingjian Shi,xingjian.shi@university.edu
2192200.0,Zhourong Chen,zhourong.chen@university.edu
49528584.0,Hao Wang,hao.wang@university.edu
1739816.0,D. Yeung,d..yeung@university.edu
145771919.0,W. Wong,w..wong@university.edu
2183294.0,W. Woo,w..woo@university.edu
1720124.0,G. Karniadakis,g..karniadakis@university.edu
3439407.0,I. Kevrekidis,i..kevrekidis@university.edu
2149373363.0,Lu Lu,lu.lu@university.edu
3410970.0,P. Perdikaris,p..perdikaris@university.edu
118188801.0,Sifan Wang,sifan.wang@university.edu
2145494483.0,Liu Yang,liu.yang@university.edu
2345603162.0,Laura Strauss,laura.strauss@university.edu
48594758.0,Weihua Hu,weihua.hu@university.edu
3410500.0,Matthias Fey,matthias.fey@university.edu
2095762.0,M. Zitnik,m..zitnik@university.edu
2047998.0,Yuxiao Dong,yuxiao.dong@university.edu
40046694.0,Hongyu Ren,hongyu.ren@university.edu
2156641189.0,Bowen Liu,bowen.liu@university.edu
1754926.0,Michele Catasta,michele.catasta@university.edu
1702139.0,J. Leskovec,j..leskovec@university.edu
2520493.0,R. Shokri,r..shokri@university.edu
34828439.0,M. Stronati,m..stronati@university.edu
3469125.0,Congzheng Song,congzheng.song@university.edu
1723945.0,Vitaly Shmatikov,vitaly.shmatikov@university.edu
36203548.0,N. Nathani,n..nathani@university.edu
2242477024.0,Abhishek Singh,abhishek.singh@university.edu
3456687.0,Iqbal H. Sarker,iqbal.h..sarker@university.edu
2570016.0,Fabian Pedregosa,fabian.pedregosa@university.edu
3025780.0,G. Varoquaux,g..varoquaux@university.edu
1797840.0,Alexandre Gramfort,alexandre.gramfort@university.edu
52200573.0,V. Michel,v..michel@university.edu
8493461.0,B. Thirion,b..thirion@university.edu
2958756.0,O. Grisel,o..grisel@university.edu
27257992.0,Mathieu Blondel,mathieu.blondel@university.edu
1881041.0,Gilles Louppe,gilles.louppe@university.edu
2780213.0,P. Prettenhofer,p..prettenhofer@university.edu
2067827437.0,Ron Weiss,ron.weiss@university.edu
39571582.0,Ron J. Weiss,ron.j..weiss@university.edu
2081469.0,J. Vanderplas,j..vanderplas@university.edu
144720379.0,Alexandre Passos,alexandre.passos@university.edu
3084321.0,D. Cournapeau,d..cournapeau@university.edu
2423884.0,M. Brucher,m..brucher@university.edu
35243423.0,M. Perrot,m..perrot@university.edu
1710398.0,E. Duchesnay,e..duchesnay@university.edu
1694621.0,Michael I. Jordan,michael.i..jordan@university.edu
2066277988.0,T. Mitchell,t..mitchell@university.edu
1388372395.0,F. Doshi-Velez,f..doshi-velez@university.edu
3351164.0,Been Kim,been.kim@university.edu
145341779.0,J. R. Quinlan,j..r..quinlan@university.edu
71619391.0,อนิรุธ สืบสิงห์,อนิรุธ.สืบสิงห์@university.edu
2056417995.0,Kevin P. Murphy,kevin.p..murphy@university.edu
50349508.0,Ayon Dey,ayon.dey@university.edu
1743797.0,Isabelle M Guyon,isabelle.m.guyon@university.edu
1766703.0,A. Elisseeff,a..elisseeff@university.edu
2340435.0,Hanchuan Peng,hanchuan.peng@university.edu
8973853.0,Fuhui Long,fuhui.long@university.edu
1737469.0,C. Ding,c..ding@university.edu
46775628.0,G. Chandrashekar,g..chandrashekar@university.edu
2668864.0,F. Sahin,f..sahin@university.edu
35729970.0,Yiming Yang,yiming.yang@university.edu
34165212.0,Jan O. Pedersen,jan.o..pedersen@university.edu
118860642.0,M. Hall,m..hall@university.edu
2110773815.0,Xuan Liu,xuan.liu@university.edu
2244859858.0,Shuang Wang,shuang.wang@university.edu
2180699015.0,Siyu Lu,siyu.lu@university.edu
9105629.0,Zhengtong Yin,zhengtong.yin@university.edu
40286480.0,Xiaolu Li,xiaolu.li@university.edu
143931711.0,Lirong Yin,lirong.yin@university.edu
153307091.0,Jiawei Tian,jiawei.tian@university.edu
2152934707.0,Wenfeng Zheng,wenfeng.zheng@university.edu
2118763370.0,Chang Tang,chang.tang@university.edu
2152196535.0,Xiao Zheng,xiao.zheng@university.edu
2155469694.0,Wei Zhang,wei.zhang@university.edu
2130021053.0,Xinwang Liu,xinwang.liu@university.edu
35103216.0,Xinzhong Zhu,xinzhong.zhu@university.edu
2144622766.0,En Zhu,en.zhu@university.edu
2435233.0,M. Kursa,m..kursa@university.edu
3262600.0,W. Rudnicki,w..rudnicki@university.edu
50704309.0,F. Rohart,f..rohart@university.edu
48229862.0,B. Gautier,b..gautier@university.edu
2116287782.0,Amrit Singh,amrit.singh@university.edu
8581929.0,Kim-Anh Lê Cao,kim-anh.lê.cao@university.edu
2173960876.0,N. Pudjihartono,n..pudjihartono@university.edu
26981228.0,T. Fadason,t..fadason@university.edu
2121964257.0,A. Kempa-Liehr,a..kempa-liehr@university.edu
1395754308.0,J. O’Sullivan,j..o’sullivan@university.edu
2247520360.0,Yvan Saeys,yvan.saeys@university.edu
1788277.0,Iñaki Inza,iñaki.inza@university.edu
2285903189.0,Pedro Larrañaga,pedro.larrañaga@university.edu
35624289.0,Prachi Agrawal,prachi.agrawal@university.edu
2084835905.0,Hattan F. Abutarboush,hattan.f..abutarboush@university.edu
152800056.0,T. Ganesh,t..ganesh@university.edu
2496043.0,A. W. Mohamed,a..w..mohamed@university.edu
1735906.0,Tansel Dökeroğlu,tansel.dökeroğlu@university.edu
119578275.0,Ayça Deniz,ayça.deniz@university.edu
2311781.0,Hakan Ezgi Kiziloz,hakan.ezgi.kiziloz@university.edu
52132506.0,R. Zebari,r..zebari@university.edu
35323115.0,A. Abdulazeez,a..abdulazeez@university.edu
52215281.0,Diyar Qader Zeebaree,diyar.qader.zeebaree@university.edu
52132265.0,D. A. Zebari,d..a..zebari@university.edu
134213930.0,J. Saeed,j..saeed@university.edu
1654096309.0,Pradip Dhal,pradip.dhal@university.edu
40859771.0,Chandrashekhar Azad,chandrashekhar.azad@university.edu
2183468353.0,Olatunji Akinola,olatunji.akinola@university.edu
9304618.0,A. Ezugwu,a..ezugwu@university.edu
2353371.0,J. Agushaka,j..agushaka@university.edu
1790928.0,R. A. Zitar,r..a..zitar@university.edu
7833679.0,L. Abualigah,l..abualigah@university.edu
2073537598.0,Ran Cheng,ran.cheng@university.edu
50881122.0,Ryan Razani,ryan.razani@university.edu
48030585.0,E. Taghavi,e..taghavi@university.edu
2053810395.0,Enxu Li,enxu.li@university.edu
50677780.0,Bingbing Liu,bingbing.liu@university.edu
145713687.0,D. Fryer,d..fryer@university.edu
147004831.0,Inga Strümke,inga.strümke@university.edu
2110579552.0,Hien Nguyen,hien.nguyen@university.edu
2110888438.0,Lin Sun,lin.sun@university.edu
1726055641.0,Lanying Wang,lanying.wang@university.edu
47736691.0,Weiping Ding,weiping.ding@university.edu
1771193.0,Y. Qian,y..qian@university.edu
3100634.0,Jiucheng Xu,jiucheng.xu@university.edu
3298406.0,Hongfang Zhou,hongfang.zhou@university.edu
2107966707.0,Xiqian Wang,xiqian.wang@university.edu
2152146981.0,R. Zhu,r..zhu@university.edu
144758045.0,E. Topol,e..topol@university.edu
1379511816.0,Alejandro Barredo Arrieta,alejandro.barredo.arrieta@university.edu
2058921025.0,Natalia Díaz Rodríguez,natalia.díaz.rodríguez@university.edu
9221552.0,J. Ser,j..ser@university.edu
1379511786.0,Adrien Bennetot,adrien.bennetot@university.edu
3030006.0,S. Tabik,s..tabik@university.edu
50449165.0,A. Barbado,a..barbado@university.edu
39558258.0,S. García,s..garcía@university.edu
1402195255.0,S. Gil-Lopez,s..gil-lopez@university.edu
145337392.0,D. Molina,d..molina@university.edu
2445552.0,Richard Benjamins,richard.benjamins@university.edu
2091924780.0,Raja Chatila,raja.chatila@university.edu
2098723448.0,Francisco Herrera,francisco.herrera@university.edu
144658641.0,Tim Miller,tim.miller@university.edu
121645690.0,Sébastien Bubeck,sébastien.bubeck@university.edu
143754359.0,Varun Chandrasekaran,varun.chandrasekaran@university.edu
2315830.0,Ronen Eldan,ronen.eldan@university.edu
120962807.0,J. Gehrke,j..gehrke@university.edu
2064595436.0,Eric Horvitz,eric.horvitz@university.edu
1783184.0,Ece Kamar,ece.kamar@university.edu
2212084492.0,Peter Lee,peter.lee@university.edu
2109308930.0,Y. Lee,y..lee@university.edu
152244300.0,Yuan-Fang Li,yuan-fang.li@university.edu
23451726.0,Scott M. Lundberg,scott.m..lundberg@university.edu
40900039.0,Harsha Nori,harsha.nori@university.edu
2247662718.0,Hamid Palangi,hamid.palangi@university.edu
78846919.0,Marco Tulio Ribeiro,marco.tulio.ribeiro@university.edu
144884116.0,Yi Zhang,yi.zhang@university.edu
9139705.0,Amina Adadi,amina.adadi@university.edu
50487490.0,M. Berrada,m..berrada@university.edu
144404817.0,J. Holland,j..holland@university.edu
2319574187.0,Murali Krishna Pendyala,murali.krishna.pendyala@university.edu
2319226126.0,Vishnu Varma Lakkamraju,vishnu.varma.lakkamraju@university.edu
2345322820.0,Yuko Harayama,yuko.harayama@university.edu
2345327280.0,Michela Milano,michela.milano@university.edu
2345322880.0,Richard Baldwin,richard.baldwin@university.edu
2345330491.0,Céline Antonin,céline.antonin@university.edu
2345266364.0,Janine Berg,janine.berg@university.edu
2078909624.0,Anousheh Karvar,anousheh.karvar@university.edu
2345325714.0,Andrew Wyckoff,andrew.wyckoff@university.edu
72729174.0,Rajeev Ronanki,rajeev.ronanki@university.edu
2350447013.0,Andrew Nguyen,andrew.nguyen@university.edu
2151645335.0,Ranu Sewada,ranu.sewada@university.edu
2279449118.0,Ashwani Jangid,ashwani.jangid@university.edu
2279513475.0,Piyush Kumar,piyush.kumar@university.edu
2279448452.0,Neha Mishra,neha.mishra@university.edu
1716508276.0,Shuroug A. Alowais,shuroug.a..alowais@university.edu
2243408972.0,Sahar S. Alghamdi,sahar.s..alghamdi@university.edu
50006545.0,Nada Alsuhebany,nada.alsuhebany@university.edu
2243412243.0,Tariq Alqahtani,tariq.alqahtani@university.edu
2078203152.0,Abdulrahman I. Alshaya,abdulrahman.i..alshaya@university.edu
2159384173.0,Sumaya N Almohareb,sumaya.n.almohareb@university.edu
2003687008.0,Atheer Aldairem,atheer.aldairem@university.edu
144882464.0,Mohammed A. Alrashed,mohammed.a..alrashed@university.edu
5565754.0,Khalid Bin saleh,khalid.bin.saleh@university.edu
11708863.0,H. Badreldin,h..badreldin@university.edu
12112205.0,Majed S Al Yami,majed.s.al.yami@university.edu
4884356.0,Shmeylan A. Al Harbi,shmeylan.a..al.harbi@university.edu
6458651.0,Abdulkareem M. Albekairy,abdulkareem.m..albekairy@university.edu
1557487144.0,Michael Moor,michael.moor@university.edu
2047009195.0,Oishi Banerjee,oishi.banerjee@university.edu
115517806.0,Zahra F H Abad,zahra.f.h.abad@university.edu
2117715807.0,H. Krumholz,h..krumholz@university.edu
1453104568.0,P. Rajpurkar,p..rajpurkar@university.edu
46506460.0,Hanchen Wang,hanchen.wang@university.edu
2427076.0,Tianfan Fu,tianfan.fu@university.edu
93584228.0,Yuanqi Du,yuanqi.du@university.edu
2153575781.0,Wenhao Gao,wenhao.gao@university.edu
49454094.0,Kexin Huang,kexin.huang@university.edu
2117941801.0,Ziming Liu,ziming.liu@university.edu
89356020.0,P. Chandak,p..chandak@university.edu
1563693999.0,Shengchao Liu,shengchao.liu@university.edu
2226485816.0,Peter Van Katwyk,peter.van.katwyk@university.edu
48860334.0,Andreea Deac,andreea.deac@university.edu
2047844.0,Anima Anandkumar,anima.anandkumar@university.edu
46354410.0,K. Bergen,k..bergen@university.edu
2188778449.0,Carla P. Gomes,carla.p..gomes@university.edu
2226475487.0,Shirley Ho,shirley.ho@university.edu
143967473.0,Pushmeet Kohli,pushmeet.kohli@university.edu
1764249.0,Joan Lasenby,joan.lasenby@university.edu
2110264337.0,Tie-Yan Liu,tie-yan.liu@university.edu
2613935.0,A. Manrai,a..manrai@university.edu
2226493959.0,Debora S. Marks,debora.s..marks@university.edu
2378027.0,Bharath Ramsundar,bharath.ramsundar@university.edu
2159642226.0,Le Song,le.song@university.edu
1738536.0,Jimeng Sun,jimeng.sun@university.edu
2115854801.0,Jian Tang,jian.tang@university.edu
3444569.0,Petar Velickovic,petar.velickovic@university.edu
2228923747.0,Max Welling,max.welling@university.edu
2181109681.0,Linfeng Zhang,linfeng.zhang@university.edu
13027820.0,Connor W. Coley,connor.w..coley@university.edu
1865800402.0,Y. Bengio,y..bengio@university.edu
2168834.0,H. Crompton,h..crompton@university.edu
46596152.0,D. Burke,d..burke@university.edu
1795976.0,J. Pavlik,j..pavlik@university.edu
32433579.0,Michele Salvagno,michele.salvagno@university.edu
4254919.0,F. Taccone,f..taccone@university.edu
1738459585.0,A. Gerli,a..gerli@university.edu
152378504.0,Michael R. King,michael.r..king@university.edu
2280373812.0,chatGPT,chatgpt@university.edu
119462164.0,Shakked Noy,shakked.noy@university.edu
123247135.0,Whitney Zhang,whitney.zhang@university.edu
153016337.0,G. Cooper,g..cooper@university.edu
4429073.0,P. Krausman,p..krausman@university.edu
31764087.0,Mark D. Wilkinson,mark.d..wilkinson@university.edu
1736389.0,M. Dumontier,m..dumontier@university.edu
1975615.0,I. J. Aalbersberg,i..j..aalbersberg@university.edu
74186014.0,Gabrielle Appleton,gabrielle.appleton@university.edu
4006952.0,M. Axton,m..axton@university.edu
20313879.0,A. Baak,a..baak@university.edu
2776517.0,N. Blomberg,n..blomberg@university.edu
34945757.0,J. Boiten,j..boiten@university.edu
115529154.0,Luiz Olavo Bonino da Silva Santos,luiz.olavo.bonino.da.silva.santos@university.edu
2048644.0,P. Bourne,p..bourne@university.edu
47611747.0,J. Bouwman,j..bouwman@university.edu
2160154.0,A. Brookes,a..brookes@university.edu
145469718.0,Tim Clark,tim.clark@university.edu
3000963.0,M. Crosas,m..crosas@university.edu
145479127.0,I. Dillo,i..dillo@university.edu
116235596.0,Olivier Dumon,olivier.dumon@university.edu
1940242.0,S. Edmunds,s..edmunds@university.edu
2185817.0,C. Evelo,c..evelo@university.edu
2425367.0,R. Finkers,r..finkers@university.edu
1401553965.0,Alejandra N. González-Beltrán,alejandra.n..gonzález-beltrán@university.edu
34071005.0,A. Gray,a..gray@university.edu
143772714.0,Paul Groth,paul.groth@university.edu
46555127.0,C. Goble,c..goble@university.edu
1736528.0,J. Grethe,j..grethe@university.edu
1699372.0,J. Heringa,j..heringa@university.edu
1396879481.0,P. ’. ’t Hoen,p..’..’t.hoen@university.edu
2359250.0,R. Hooft,r..hooft@university.edu
145727607.0,Tobias Kuhn,tobias.kuhn@university.edu
47044989.0,Ruben G. Kok,ruben.g..kok@university.edu
1713683.0,J. Kok,j..kok@university.edu
4297975.0,S. Lusher,s..lusher@university.edu
2969738.0,M. Martone,m..martone@university.edu
6027579.0,Albert Mons,albert.mons@university.edu
2455243.0,A. Packer,a..packer@university.edu
2059300547.0,Bengt Persson,bengt.persson@university.edu
1397958214.0,P. Rocca-Serra,p..rocca-serra@university.edu
144140870.0,M. Roos,m..roos@university.edu
51420525.0,Rene C. van Schaik,rene.c..van.schaik@university.edu
1760490.0,Susanna-Assunta Sansone,susanna-assunta.sansone@university.edu
1883372.0,E. Schultes,e..schultes@university.edu
2510671.0,T. Sengstag,t..sengstag@university.edu
38261192.0,Ted Slater,ted.slater@university.edu
2013713.0,George O. Strawn,george.o..strawn@university.edu
144034058.0,M. Swertz,m..swertz@university.edu
143962914.0,Mark Thompson,mark.thompson@university.edu
84257307.0,J. van der Lei,j..van.der.lei@university.edu
11563451.0,E. V. van Mulligen,e..v..van.mulligen@university.edu
3261874.0,Jan Velterop,jan.velterop@university.edu
48709451.0,A. Waagmeester,a..waagmeester@university.edu
1681130.0,P. Wittenburg,p..wittenburg@university.edu
143780913.0,K. Wolstencroft,k..wolstencroft@university.edu
48019160.0,Jun Zhao,jun.zhao@university.edu
1995836.0,B. Mons,b..mons@university.edu
113087456.0,Dong Zhang,dong.zhang@university.edu
3817732.0,Fangluan Gao,fangluan.gao@university.edu
5989466.0,Ivan Jakovlić,ivan.jakovlić@university.edu
2286418480.0,Hong Zhou,hong.zhou@university.edu
2108930648.0,Jin Zhang,jin.zhang@university.edu
2109050852.0,Wen X Li,wen.x.li@university.edu
150116413.0,Gui‐tang Wang,gui‐tang.wang@university.edu
31484613.0,A. Saeed,a..saeed@university.edu
145887004.0,V. Sharov,v..sharov@university.edu
2111364371.0,J. White,j..white@university.edu
46276394.0,J. Li,j..li@university.edu
2113674994.0,W. Liang,w..liang@university.edu
49569076.0,N. Bhagabati,n..bhagabati@university.edu
2168032.0,J. Braisted,j..braisted@university.edu
1460133323.0,M. Kłapa,m..kłapa@university.edu
2092392423.0,T. Currier,t..currier@university.edu
2789936.0,M. Thiagarajan,m..thiagarajan@university.edu
2783717.0,A. Sturn,a..sturn@university.edu
1960349.0,M. Snuffin,m..snuffin@university.edu
5066050.0,A. Rezantsev,a..rezantsev@university.edu
2060382805.0,D. Popov,d..popov@university.edu
2037836741.0,A. Ryltsov,a..ryltsov@university.edu
3702336.0,E. Kostukovich,e..kostukovich@university.edu
2125069683.0,I. Borisovsky,i..borisovsky@university.edu
3433186.0,Z. Liu,z..liu@university.edu
5647616.0,A. Vinsavich,a..vinsavich@university.edu
1572233069.0,V. Trush,v..trush@university.edu
144101458.0,John Quackenbush,john.quackenbush@university.edu
1720852203.0,Chengliang Chai,chengliang.chai@university.edu
2155125051.0,Jiayi Wang,jiayi.wang@university.edu
3462170.0,Yuyu Luo,yuyu.luo@university.edu
2153120965.0,Zeping Niu,zeping.niu@university.edu
2242412700.0,Guoliang Li,guoliang.li@university.edu
1406485922.0,V. Sáiz-Rubio,v..sáiz-rubio@university.edu
1402636333.0,F. Rovira-Más,f..rovira-más@university.edu
3264408.0,Ibrar Yaqoob,ibrar.yaqoob@university.edu
1967755.0,K. Salah,k..salah@university.edu
2112132253.0,Raja Jayaraman,raja.jayaraman@university.edu
1395903855.0,Yousof Al-Hammadi,yousof.al-hammadi@university.edu
3265714.0,Athira M. Nambiar,athira.m..nambiar@university.edu
2190326370.0,Divyansh Mundra,divyansh.mundra@university.edu
48667560.0,G. Ryan,g..ryan@university.edu
2013947833.0,H. Bernard,h..bernard@university.edu
2141735101.0,Jianguo Wang,jianguo.wang@university.edu
1666260553.0,Xiaomeng Yi,xiaomeng.yi@university.edu
1764236.0,Rentong Guo,rentong.guo@university.edu
145914256.0,Hai Jin,hai.jin@university.edu
2153916637.0,Peng Xu,peng.xu@university.edu
2153701193.0,Shengjun Li,shengjun.li@university.edu
2144797977.0,Xiangyu Wang,xiangyu.wang@university.edu
46909714.0,Xiangzhou Guo,xiangzhou.guo@university.edu
2136332740.0,Chengming Li,chengming.li@university.edu
2115215055.0,Xiaohai Xu,xiaohai.xu@university.edu
2114076472.0,Kun Yu,kun.yu@university.edu
2116525062.0,Yuxing Yuan,yuxing.yuan@university.edu
2113959133.0,Yinghao Zou,yinghao.zou@university.edu
2117315688.0,J. Long,j..long@university.edu
2111258930.0,Yudong Cai,yudong.cai@university.edu
2116566794.0,Zhenxiang Li,zhenxiang.li@university.edu
2129460589.0,Zhifeng Zhang,zhifeng.zhang@university.edu
2113623161.0,Yihua Mo,yihua.mo@university.edu
2144097347.0,Jun Gu,jun.gu@university.edu
2113618679.0,Ruiyi Jiang,ruiyi.jiang@university.edu
2156252582.0,Yi Wei,yi.wei@university.edu
2113619066.0,Charles Xie,charles.xie@university.edu
1490772997.0,Q. Ma,q..ma@university.edu
2075347074.0,Guiyun Tian,guiyun.tian@university.edu
2247227.0,Yanli Zeng,yanli.zeng@university.edu
2150926755.0,Rui Li,rui.li@university.edu
2115232728.0,Huadong Song,huadong.song@university.edu
2118452616.0,Zhen Wang,zhen.wang@university.edu
2067892164.0,Bin Gao,bin.gao@university.edu
2059911278.0,Kun Zeng,kun.zeng@university.edu
3372357.0,V. Gomes,v..gomes@university.edu
35255977.0,G. R. Queiroz,g..r..queiroz@university.edu
2355151.0,K. Ferreira,k..ferreira@university.edu
94385031.0,Sheng Wang,sheng.wang@university.edu
39505779.0,Z. Bao,z..bao@university.edu
144159418.0,J. Culpepper,j..culpepper@university.edu
144145211.0,G. Cong,g..cong@university.edu
2151695883.0,Qian Wei,qian.wei@university.edu
1887514.0,Bingzhe Li,bingzhe.li@university.edu
122523701.0,Wanli Chang,wanli.chang@university.edu
1737314.0,Zhiping Jia,zhiping.jia@university.edu
1851223.0,Zhaoyan Shen,zhaoyan.shen@university.edu
144668859.0,Z. Shao,z..shao@university.edu
31303748.0,Ma Zhaofeng,ma.zhaofeng@university.edu
12717353.0,W. Xiao-chang,w..xiao-chang@university.edu
32069527.0,D. Jain,d..jain@university.edu
47224454.0,Hamzullah Khan,hamzullah.khan@university.edu
9195315.0,Gao Hongmin,gao.hongmin@university.edu
2061881331.0,Wang Zhen,wang.zhen@university.edu
120783473.0,Chong-chong Qi,chong-chong.qi@university.edu
3248270.0,M. Breunig,m..breunig@university.edu
145663597.0,P. Bradley,p..bradley@university.edu
46581566.0,M. Jahn,m..jahn@university.edu
145216339.0,P. Kuper,p..kuper@university.edu
1576996670.0,Nima Mazroob,nima.mazroob@university.edu
2071346808.0,N. Rösch,n..rösch@university.edu
1403759150.0,M. Al-Doori,m..al-doori@university.edu
2418044.0,E. Stefanakis,e..stefanakis@university.edu
1483744000.0,M. Jadidi,m..jadidi@university.edu
1682824.0,Julia Stoyanovich,julia.stoyanovich@university.edu
1686294.0,Bill Howe,bill.howe@university.edu
145531067.0,H. V. Jagadish,h..v..jagadish@university.edu
13908907.0,Sihan Huang,sihan.huang@university.edu
2107947507.0,Guoxin Wang,guoxin.wang@university.edu
2117858766.0,Yanqin Yan,yanqin.yan@university.edu
2117738618.0,Xiongbing Fang,xiongbing.fang@university.edu
88225071.0,Q. Nisar,q..nisar@university.edu
97679704.0,Nadia Nasir,nadia.nasir@university.edu
52583435.0,Samia Jamshed,samia.jamshed@university.edu
152412922.0,S. Naz,s..naz@university.edu
2157753105.0,Mubashar Ali,mubashar.ali@university.edu
50517362.0,Shahzad Ali,shahzad.ali@university.edu
2109039649.0,Sumit Singh,sumit.singh@university.edu
1891038.0,E. Shehab,e..shehab@university.edu
123445664.0,Nigel Higgins,nigel.higgins@university.edu
144782078.0,Kevin Fowler,kevin.fowler@university.edu
2064304090.0,Dylan Reynolds,dylan.reynolds@university.edu
1911359.0,J. Erkoyuncu,j..erkoyuncu@university.edu
98725327.0,P. Gadd,p..gadd@university.edu
1797808.0,G. Salton,g..salton@university.edu
2202149907.0,A. Wong,a..wong@university.edu
40498308.0,Chung-Shu Yang,chung-shu.yang@university.edu
2987811.0,M. Swain,m..swain@university.edu
1691804.0,D. Ballard,d..ballard@university.edu
2255220874.0,Eamonn J. Keogh,eamonn.j..keogh@university.edu
145043192.0,C. Ratanamahatana,c..ratanamahatana@university.edu
9419406.0,I. Witten,i..witten@university.edu
144448479.0,Alistair Moffat,alistair.moffat@university.edu
49014513.0,T. Bell,t..bell@university.edu
3038916.0,C. Lareau,c..lareau@university.edu
143630962.0,Fabiana M. Duarte,fabiana.m..duarte@university.edu
49255057.0,J. Chew,j..chew@university.edu
4671709.0,Vinay K. Kartha,vinay.k..kartha@university.edu
4597717.0,Z. Burkett,z..burkett@university.edu
6201726.0,Andrew S. Kohlway,andrew.s..kohlway@university.edu
3101298.0,Dmitry Pokholok,dmitry.pokholok@university.edu
2526367.0,Martin J. Aryee,martin.j..aryee@university.edu
6420805.0,F. Steemers,f..steemers@university.edu
2109083.0,R. Lebofsky,r..lebofsky@university.edu
4090059.0,Jason D. Buenrostro,jason.d..buenrostro@university.edu
143936663.0,Thomas Hofmann,thomas.hofmann@university.edu
49025046.0,Jing Huang,jing.huang@university.edu
1683442.0,Ravi Kumar,ravi.kumar@university.edu
1798723.0,Mandar Mitra,mandar.mitra@university.edu
2152348371.0,Wei-Jing Zhu,wei-jing.zhu@university.edu
2984143.0,R. Zabih,r..zabih@university.edu
6639465.0,D. Cusanovich,d..cusanovich@university.edu
49491404.0,R. Daza,r..daza@university.edu
5552754.0,Andrew C. Adey,andrew.c..adey@university.edu
47777448.0,Hannah A. Pliner,hannah.a..pliner@university.edu
10803574.0,Lena Christiansen,lena.christiansen@university.edu
2147608.0,K. Gunderson,k..gunderson@university.edu
2244164.0,C. Trapnell,c..trapnell@university.edu
2431330.0,J. Shendure,j..shendure@university.edu
3788191.0,D. Fadrosh,d..fadrosh@university.edu
46713376.0,Bing Ma,bing.ma@university.edu
1745796.0,P. Gajer,p..gajer@university.edu
6901141.0,Naomi A. Sengamalay,naomi.a..sengamalay@university.edu
2057427508.0,Sandra H Ott,sandra.h.ott@university.edu
3368455.0,R. Brotman,r..brotman@university.edu
144560858.0,J. Ravel,j..ravel@university.edu
46855299.0,G. Tsatsaronis,g..tsatsaronis@university.edu
1951080.0,Georgios Balikas,georgios.balikas@university.edu
1950133.0,Prodromos Malakasiotis,prodromos.malakasiotis@university.edu
3071383.0,Ioannis Partalas,ioannis.partalas@university.edu
48495089.0,M. Zschunke,m..zschunke@university.edu
2875805.0,M. Alvers,m..alvers@university.edu
3319373.0,Dirk Weissenborn,dirk.weissenborn@university.edu
1927081.0,Anastasia Krithara,anastasia.krithara@university.edu
32273167.0,Sergios Petridis,sergios.petridis@university.edu
2803194.0,D. Polychronopoulos,d..polychronopoulos@university.edu
2655665.0,Y. Almirantis,y..almirantis@university.edu
2332587.0,John Pavlopoulos,john.pavlopoulos@university.edu
1800361.0,Nicolas Baskiotis,nicolas.baskiotis@university.edu
1741426.0,P. Gallinari,p..gallinari@university.edu
7364123.0,T. Artières,t..artières@university.edu
1712107.0,A. Ngomo,a..ngomo@university.edu
3032035.0,Norman Heino,norman.heino@university.edu
1732180.0,Éric Gaussier,éric.gaussier@university.edu
1403826262.0,L. Barrio-Alvers,l..barrio-alvers@university.edu
79909855.0,M. Schroeder,m..schroeder@university.edu
1752430.0,Ion Androutsopoulos,ion.androutsopoulos@university.edu
4738873.0,G. Paliouras,g..paliouras@university.edu
2539942.0,A. Stukowski,a..stukowski@university.edu
2049682.0,V. Bulatov,v..bulatov@university.edu
2962175.0,A. Arsenlis,a..arsenlis@university.edu
49446519.0,A. Bergmann,a..bergmann@university.edu
143930319.0,A. Gani,a..gani@university.edu
1775884.0,A. Siddiqa,a..siddiqa@university.edu
1925224.0,S. Shamshirband,s..shamshirband@university.edu
2215941.0,F. Nasaruddin,f..nasaruddin@university.edu
1712041.0,K. Mikolajczyk,k..mikolajczyk@university.edu
2462253.0,C. Schmid,c..schmid@university.edu
143743802.0,Artem Babenko,artem.babenko@university.edu
1740145.0,V. Lempitsky,v..lempitsky@university.edu
145328899.0,K. Chakrabarti,k..chakrabarti@university.edu
50543766.0,Eamonn J. Keogh,eamonn.j..keogh@university.edu
144156242.0,S. Mehrotra,s..mehrotra@university.edu
1694780.0,M. Pazzani,m..pazzani@university.edu
117597716.0,M. Cremers,m..cremers@university.edu
144857840.0,Miguel A. Ferreira,miguel.a..ferreira@university.edu
143834658.0,Pedro Matos,pedro.matos@university.edu
83388028.0,L. Starks,l..starks@university.edu
40116905.0,Jia Li,jia.li@university.edu
48094094.0,James Ze Wang,james.ze.wang@university.edu
92461194.0,A. Boultif,a..boultif@university.edu
12919831.0,D. Louër,d..louër@university.edu
2152663837.0,Xin Huang,xin.huang@university.edu
3083159.0,A. Khetan,a..khetan@university.edu
2008176653.0,Milan Cvitkovic,milan.cvitkovic@university.edu
3386660.0,Zohar S. Karnin,zohar.s..karnin@university.edu
2022124.0,Barbara Plank,barbara.plank@university.edu
8804828.0,M. Schlichtkrull,m..schlichtkrull@university.edu
41016725.0,Thomas Kipf,thomas.kipf@university.edu
2789097.0,Peter Bloem,peter.bloem@university.edu
9965217.0,Rianne van den Berg,rianne.van.den.berg@university.edu
144889265.0,Ivan Titov,ivan.titov@university.edu
1678311.0,M. Welling,m..welling@university.edu
27737939.0,Chuizheng Meng,chuizheng.meng@university.edu
2267664.0,Sirisha Rambhatla,sirisha.rambhatla@university.edu
47909531.0,Yan Liu,yan.liu@university.edu
2109278431.0,Heng Liu,heng.liu@university.edu
2108127558.0,Yunfeng Zhang,yunfeng.zhang@university.edu
33750513.0,S. Moxon,s..moxon@university.edu
1782962.0,H. Solbrig,h..solbrig@university.edu
2296584170.0,Deepak R. Unni,deepak.r..unni@university.edu
2100385225.0,Dazhi Jiao,dazhi.jiao@university.edu
46296109.0,R. Bruskiewich,r..bruskiewich@university.edu
3016516.0,J. Balhoff,j..balhoff@university.edu
3054526.0,Gaurav Vaidya,gaurav.vaidya@university.edu
1508927034.0,William D. Duncan,william.d..duncan@university.edu
2151893083.0,Harshad B. Hegde,harshad.b..hegde@university.edu
2149666232.0,Mark Miller,mark.miller@university.edu
144380319.0,Matthew H. Brush,matthew.h..brush@university.edu
40404712.0,N. Harris,n..harris@university.edu
1976792.0,M. Haendel,m..haendel@university.edu
52038267.0,C. Mungall,c..mungall@university.edu
49164165.0,Liwei Hu,liwei.hu@university.edu
2155660014.0,Jun Zhang,jun.zhang@university.edu
145337328.0,Yu Xiang,yu.xiang@university.edu
47825543.0,Wenyong Wang,wenyong.wang@university.edu
2137619176.0,Sufyan bin Uzayr,sufyan.bin.uzayr@university.edu
115504645.0,Yang Song,yang.song@university.edu
2490652.0,Stefano Ermon,stefano.ermon@university.edu
2320984.0,Junwei Jin,junwei.jin@university.edu
2323137814.0,C. L. P. Chen,c..l..p..chen@university.edu
2144425341.0,Yanting Li,yanting.li@university.edu
145619185.0,Zhiqiang Ge,zhiqiang.ge@university.edu
2109110276.0,Xinru Chen,xinru.chen@university.edu
1713934.0,Antoine Bordes,antoine.bordes@university.edu
1746841.0,Nicolas Usunier,nicolas.usunier@university.edu
1405061488.0,Alberto García-Durán,alberto.garcía-durán@university.edu
145183709.0,J. Weston,j..weston@university.edu
2406794.0,Oksana Yakhnenko,oksana.yakhnenko@university.edu
145044852.0,Feras A. Saad,feras.a..saad@university.edu
1397895859.0,Marco F. Cusumano-Towner,marco.f..cusumano-towner@university.edu
1922848.0,Ulrich Schaechtle,ulrich.schaechtle@university.edu
1720971.0,M. Rinard,m..rinard@university.edu
1735083.0,Vikash K. Mansinghka,vikash.k..mansinghka@university.edu
52539408.0,T. Gerber,t..gerber@university.edu
2203851.0,P. Verhoef,p..verhoef@university.edu
72334032.0,Edwin Kooge,edwin.kooge@university.edu
71817237.0,Natasha Walk,natasha.walk@university.edu
40508582.0,J. Wieringa,j..wieringa@university.edu
103682810.0,Martina Björklund,martina.björklund@university.edu
31933741.0,Jayesh Patel,jayesh.patel@university.edu
32210877.0,Sudipto Banerjee,sudipto.banerjee@university.edu
9894852.0,B. Carlin,b..carlin@university.edu
2454055.0,A. Gelfand,a..gelfand@university.edu
2608638.0,B. Kim,b..kim@university.edu
48418805.0,B. Kang,b..kang@university.edu
3160707.0,S. Choi,s..choi@university.edu
1761763.0,T. Kim,t..kim@university.edu
40098371.0,Greyce N. Schroeder,greyce.n..schroeder@university.edu
49960684.0,Charles Steinmetz,charles.steinmetz@university.edu
144495622.0,C. Pereira,c..pereira@university.edu
1887608.0,D. Espíndola,d..espíndola@university.edu
2145774899.0,Chengjie Chen,chengjie.chen@university.edu
2149052058.0,Hao Chen,hao.chen@university.edu
2153911296.0,Yi Zhang,yi.zhang@university.edu
40451574.0,Hannah R Thomas,hannah.r.thomas@university.edu
143915524.0,Margaret H. Frank,margaret.h..frank@university.edu
4098270.0,Yehua He,yehua.he@university.edu
144304984.0,Rui Xia,rui.xia@university.edu
144605904.0,J. Manyika,j..manyika@university.edu
47666658.0,Hsinchun Chen,hsinchun.chen@university.edu
145802082.0,R. Chiang,r..chiang@university.edu
1764975.0,V. Storey,v..storey@university.edu
3132693.0,Andrew P. McAfee,andrew.p..mcafee@university.edu
2841157.0,Erik Brynjolfsson,erik.brynjolfsson@university.edu
2855934.0,Ali Hassani,ali.hassani@university.edu
102471415.0,Steven Walton,steven.walton@university.edu
2087066452.0,Nikhil Shah,nikhil.shah@university.edu
133551208.0,Abulikemu Abuduweili,abulikemu.abuduweili@university.edu
2125031571.0,Jiachen Li,jiachen.li@university.edu
48667025.0,Humphrey Shi,humphrey.shi@university.edu
2269971203.0,Wasnaa Kadhim Jawad,wasnaa.kadhim.jawad@university.edu
2261850659.0,Abbas M. Al-Bakry,abbas.m..al-bakry@university.edu
2416504.0,Kornelia M. Batko,kornelia.m..batko@university.edu
2079538975.0,A. Ślęzak,a..ślęzak@university.edu
46251839.0,Arsalan Zahid Piprani,arsalan.zahid.piprani@university.edu
2237403667.0,Amjad Ali,amjad.ali@university.edu
2283455003.0,Adeel Shah,adeel.shah@university.edu
2348402835.0,Amir Gandomi,amir.gandomi@university.edu
39060992.0,Murtaza Haider,murtaza.haider@university.edu
38818867.0,D. Boyd,d..boyd@university.edu
48024382.0,K. Crawford,k..crawford@university.edu
2150744.0,D. Acharjya,d..acharjya@university.edu
2285074747.0,P. KauserAhmed,p..kauserahmed@university.edu
2881033.0,Solon Barocas,solon.barocas@university.edu
46432110.0,Andrew D. Selbst,andrew.d..selbst@university.edu
120550117.0,T. Doyle,t..doyle@university.edu
2139634153.0,Wen-Tao Wu,wen-tao.wu@university.edu
12013287.0,Yuan-jie Li,yuan-jie.li@university.edu
1500673788.0,Aozi Feng,aozi.feng@university.edu
2156059845.0,Li Li,li.li@university.edu
2110812737.0,Tao Huang,tao.huang@university.edu
143908701.0,A. Xu,a..xu@university.edu
80193067.0,Jun Lyu,jun.lyu@university.edu
2289710033.0,Kenneth Cukier,kenneth.cukier@university.edu
2152634067.0,In Lee,in.lee@university.edu
2468335.0,George Mangalaraj,george.mangalaraj@university.edu
2186480691.0,Mohan Naik Ramachandra,mohan.naik.ramachandra@university.edu
2200758545.0,Madala Srinivasa Rao,madala.srinivasa.rao@university.edu
2150706913.0,W. Lai,w..lai@university.edu
65965701.0,P. Divakarachari,p..divakarachari@university.edu
2200528122.0,Jayachandra Ananda Babu,jayachandra.ananda.babu@university.edu
2143272549.0,Hemalatha Kivudujogappa Lingappa,hemalatha.kivudujogappa.lingappa@university.edu
50556355.0,F. Tao,f..tao@university.edu
49776606.0,Jiangfeng Cheng,jiangfeng.cheng@university.edu
29011153.0,Qinglin Qi,qinglin.qi@university.edu
47474337.0,Meng Zhang,meng.zhang@university.edu
2153527172.0,He Zhang,he.zhang@university.edu
50470670.0,Fangyuan Sui,fangyuan.sui@university.edu
46584628.0,Junliang Wang,junliang.wang@university.edu
153250242.0,Chuqiao Xu,chuqiao.xu@university.edu
50561597.0,Jie Zhang,jie.zhang@university.edu
2068352939.0,Ray Y. Zhong,ray.y..zhong@university.edu
119723024.0,John T. Hancock,john.t..hancock@university.edu
1725285.0,T. Khoshgoftaar,t..khoshgoftaar@university.edu
2167284871.0,Zhiqiang Pang,zhiqiang.pang@university.edu
2265487320.0,Yao Lu,yao.lu@university.edu
2110806790.0,Guangyan Zhou,guangyan.zhou@university.edu
2295599091.0,Fiona Hui,fiona.hui@university.edu
2232575526.0,Lei Xu,lei.xu@university.edu
5552591.0,Charles Viau,charles.viau@university.edu
50317934.0,A. Spigelman,a..spigelman@university.edu
2248083196.0,Patrick E. MacDonald,patrick.e..macdonald@university.edu
2063098534.0,D. Wishart,d..wishart@university.edu
2284452493.0,Shuzhao Li,shuzhao.li@university.edu
2265538537.0,Jianguo Xia,jianguo.xia@university.edu
2301072397.0,Suwarna Shukla,suwarna.shukla@university.edu
2301055120.0,Prabhneet Singh,prabhneet.singh@university.edu
71084179.0,Muthu Dayalan,muthu.dayalan@university.edu
1980031.0,Christian Quast,christian.quast@university.edu
2079716.0,E. Pruesse,e..pruesse@university.edu
2103851.0,Pelin Yilmaz,pelin.yilmaz@university.edu
2086361492.0,Jan Gerken,jan.gerken@university.edu
3218646.0,Timmy Schweer,timmy.schweer@university.edu
1822092.0,P. Yarza,p..yarza@university.edu
1889237.0,J. Peplies,j..peplies@university.edu
2982449.0,F. Glöckner,f..glöckner@university.edu
7589857.0,Chaogan Yan,chaogan.yan@university.edu
2000360258.0,Xindi Wang,xindi.wang@university.edu
144055554.0,X. Zuo,x..zuo@university.edu
143656578.0,Y. Zang,y..zang@university.edu
3422872.0,Dan Hendrycks,dan.hendrycks@university.edu
52227748.0,Norman Mu,norman.mu@university.edu
8132903.0,E. D. Cubuk,e..d..cubuk@university.edu
2368067.0,Barret Zoph,barret.zoph@university.edu
2058362.0,J. Gilmer,j..gilmer@university.edu
40627523.0,Balaji Lakshminarayanan,balaji.lakshminarayanan@university.edu
7451623.0,Qian-Yi Zhou,qian-yi.zhou@university.edu
2870153.0,Jaesik Park,jaesik.park@university.edu
145231047.0,V. Koltun,v..koltun@university.edu
2307758147.0,Benjamin C. Orsburn,benjamin.c..orsburn@university.edu
2598130.0,Jianbo Fu,jianbo.fu@university.edu
2153391126.0,Ying Zhang,ying.zhang@university.edu
2121402780.0,Yunxia Wang,yunxia.wang@university.edu
2115996500.0,Hongning Zhang,hongning.zhang@university.edu
2108458186.0,Jin Liu,jin.liu@university.edu
145101368.0,Jing Tang,jing.tang@university.edu
151178570.0,Qingxia Yang,qingxia.yang@university.edu
2156232708.0,Huaicheng Sun,huaicheng.sun@university.edu
2147000717.0,Wenqi Qiu,wenqi.qiu@university.edu
2158115122.0,Yinghui Ma,yinghui.ma@university.edu
2145310081.0,Zhaorong Li,zhaorong.li@university.edu
2114135568.0,Mingyue Zheng,mingyue.zheng@university.edu
144571173.0,Feng Zhu,feng.zhu@university.edu
38300863.0,Jiří Šimša,jiří.šimša@university.edu
2285439911.0,Ana Klimovic,ana.klimovic@university.edu
120658773.0,Ihor Indyk,ihor.indyk@university.edu
1761236.0,N. Servant,n..servant@university.edu
2567677.0,Nelle Varoquaux,nelle.varoquaux@university.edu
2399615.0,B. Lajoie,b..lajoie@university.edu
2070897.0,E. Viara,e..viara@university.edu
1859872.0,Chong-Jian Chen,chong-jian.chen@university.edu
152303545.0,Jean-Philippe Vert,jean-philippe.vert@university.edu
2099250.0,E. Heard,e..heard@university.edu
145696688.0,J. Dekker,j..dekker@university.edu
1790392.0,E. Barillot,e..barillot@university.edu
2969659.0,R. Krishnamurthi,r..krishnamurthi@university.edu
1712222777.0,Adarsh Kumar,adarsh.kumar@university.edu
1931824459.0,Dhanalekshmi Gopinathan,dhanalekshmi.gopinathan@university.edu
3286242.0,A. Nayyar,a..nayyar@university.edu
145100089.0,B. Qureshi,b..qureshi@university.edu
2353404887.0,Pramod Singh,pramod.singh@university.edu
144482217.0,Michael Armbrust,michael.armbrust@university.edu
2066641.0,Reynold Xin,reynold.xin@university.edu
1387529184.0,Cheng Lian,cheng.lian@university.edu
40199213.0,Yin Huai,yin.huai@university.edu
2536434.0,Davies Liu,davies.liu@university.edu
2086593199.0,Joseph K. Bradley,joseph.k..bradley@university.edu
39309572.0,Xiangrui Meng,xiangrui.meng@university.edu
2403754.0,Tomer Kaftan,tomer.kaftan@university.edu
143666627.0,M. Franklin,m..franklin@university.edu
38565890.0,A. Ghodsi,a..ghodsi@university.edu
143834867.0,M. Zaharia,m..zaharia@university.edu
2512621.0,Hongzi Mao,hongzi.mao@university.edu
1962485.0,Malte Schwarzkopf,malte.schwarzkopf@university.edu
2043402.0,S. Venkatakrishnan,s..venkatakrishnan@university.edu
40071013.0,Zili Meng,zili.meng@university.edu
79404966.0,Mohammad Alizadeh,mohammad.alizadeh@university.edu
2262634335.0,Kazunori Akiyama,kazunori.akiyama@university.edu
49532874.0,A. Alberdi,a..alberdi@university.edu
2292163358.0,W. Alef,w..alef@university.edu
2254233737.0,K. Asada,k..asada@university.edu
102934411.0,R. Azulay,r..azulay@university.edu
104095516.0,A. Baczko,a..baczko@university.edu
47439845.0,D. Ball,d..ball@university.edu
2327110867.0,Mislav Baloković,mislav.baloković@university.edu
2048836799.0,J. Barrett,j..barrett@university.edu
14762667.0,D. Bintley,d..bintley@university.edu
2269204674.0,L. Blackburn,l..blackburn@university.edu
1983792216.0,W. Boland,w..boland@university.edu
18555073.0,K. Bouman,k..bouman@university.edu
152119919.0,G. Bower,g..bower@university.edu
102608570.0,M. Bremer,m..bremer@university.edu
7833566.0,C. Brinkerink,c..brinkerink@university.edu
3794313.0,R. Brissenden,r..brissenden@university.edu
2970735.0,S. Britzen,s..britzen@university.edu
2643028.0,A. Broderick,a..broderick@university.edu
52242240.0,D. Broguiere,d..broguiere@university.edu
46180699.0,T. Bronzwaer,t..bronzwaer@university.edu
31016109.0,D. Byun,d..byun@university.edu
4021483.0,J. Carlstrom,j..carlstrom@university.edu
123428160.0,A. Chael,a..chael@university.edu
46699393.0,Chi-kwan Chan,chi-kwan.chan@university.edu
2348248084.0,S. Chatterjee,s..chatterjee@university.edu
153535731.0,K. Chatterjee,k..chatterjee@university.edu
,Ming-Tang Chen,ming-tang.chen@university.edu
2109290853.0,Yongjun Chen,yongjun.chen@university.edu
30014057.0,I. Cho,i..cho@university.edu
144753838.0,P. Christian,p..christian@university.edu
2086701671.0,J. Conway,j..conway@university.edu
2278971019.0,J. Cordes,j..cordes@university.edu
81748006.0,G. Crew,g..crew@university.edu
1998017713.0,Yuzhu Cui,yuzhu.cui@university.edu
2305827690.0,J. Davelaar,j..davelaar@university.edu
2141093501.0,M. De Laurentis,m..de.laurentis@university.edu
40828476.0,R. Deane,r..deane@university.edu
1580634068.0,J. Dempsey,j..dempsey@university.edu
145231552.0,G. Desvignes,g..desvignes@university.edu
2282387546.0,J. Dexter,j..dexter@university.edu
2622183.0,S. Doeleman,s..doeleman@university.edu
6737357.0,R. Eatough,r..eatough@university.edu
2243972736.0,H. Falcke,h..falcke@university.edu
3098650.0,V. Fish,v..fish@university.edu
7292815.0,E. Fomalont,e..fomalont@university.edu
2006132731.0,R. Fraga-Encinas,r..fraga-encinas@university.edu
115713039.0,P. Friberg,p..friberg@university.edu
40367217.0,C. Fromm,c..fromm@university.edu
2244774861.0,J. L. Gómez,j..l..gómez@university.edu
2306923640.0,P. Galison,p..galison@university.edu
2961501.0,C. Gammie,c..gammie@university.edu
2327978479.0,Roberto García,roberto.garcía@university.edu
31279968.0,O. Gentaz,o..gentaz@university.edu
104433712.0,B. Georgiev,b..georgiev@university.edu
1998226708.0,C. Goddi,c..goddi@university.edu
144152651.0,R. Gold,r..gold@university.edu
2340296527.0,Minfeng Gu,minfeng.gu@university.edu
5434247.0,M. Gurwell,m..gurwell@university.edu
48085695.0,K. Hada,k..hada@university.edu
2247589646.0,M. Hecht,m..hecht@university.edu
9345493.0,R. Hesper,r..hesper@university.edu
2266465794.0,L. C. Ho,l..c..ho@university.edu
2246604136.0,P. Ho,p..ho@university.edu
2269926304.0,M. Honma,m..honma@university.edu
47397159.0,Chih-Wei L. Huang,chih-wei.l..huang@university.edu
2267157092.0,Lei Huang,lei.huang@university.edu
2237594487.0,David H. Hughes,david.h..hughes@university.edu
2253578088.0,S. Ikeda,s..ikeda@university.edu
2237543799.0,Makoto Inoue,makoto.inoue@university.edu
88648241.0,S. Issaoun,s..issaoun@university.edu
2243984826.0,D. J. James,d..j..james@university.edu
75086584.0,B. Jannuzi,b..jannuzi@university.edu
1398500329.0,M. Janssen,m..janssen@university.edu
103092026.0,B. Jeter,b..jeter@university.edu
2116856527.0,Wu Jiang,wu.jiang@university.edu
2109889884.0,Michael D. Johnson,michael.d..johnson@university.edu
5651234.0,S. Jorstad,s..jorstad@university.edu
145356770.0,T. Jung,t..jung@university.edu
145084366.0,M. Karami,m..karami@university.edu
6784524.0,R. Karuppusamy,r..karuppusamy@university.edu
102857020.0,T. Kawashima,t..kawashima@university.edu
2227889626.0,G. Keating,g..keating@university.edu
51981290.0,M. Kettenis,m..kettenis@university.edu
144833697.0,Jae-Young Kim,jae-young.kim@university.edu
47964831.0,Junhan Kim,junhan.kim@university.edu
2244132437.0,Jongsoo Kim,jongsoo.kim@university.edu
8305959.0,M. Kino,m..kino@university.edu
39660735.0,J. Koay,j..koay@university.edu
2272539659.0,P. M. Koch,p..m..koch@university.edu
102556560.0,S. Koyama,s..koyama@university.edu
2274411726.0,Michael Kramer,michael.kramer@university.edu
2057786054.0,C. Kramer,c..kramer@university.edu
5516840.0,T. Krichbaum,t..krichbaum@university.edu
2229171763.0,C. Kuo,c..kuo@university.edu
2369234.0,T. Lauer,t..lauer@university.edu
2108041626.0,Sang-Sung Lee,sang-sung.lee@university.edu
2110428946.0,Yan-Rong Li,yan-rong.li@university.edu
2290134150.0,Zhi-Yun Li,zhi-yun.li@university.edu
50392981.0,M. Lindqvist,m..lindqvist@university.edu
113996537.0,Kuo Liu,kuo.liu@university.edu
100936205.0,E. Liuzzo,e..liuzzo@university.edu
92420282.0,Wen-Ping Lo,wen-ping.lo@university.edu
2241463851.0,A. Lobanov,a..lobanov@university.edu
7742474.0,L. Loinard,l..loinard@university.edu
49656578.0,C. Lonsdale,c..lonsdale@university.edu
115865391.0,N. MacDonald,n..macdonald@university.edu
4804937.0,S. Markoff,s..markoff@university.edu
144511608.0,D. Marrone,d..marrone@university.edu
3992956.0,A. Marscher,a..marscher@university.edu
2325166264.0,I. Martí-Vidal,i..martí-vidal@university.edu
5001648.0,S. Matsushita,s..matsushita@university.edu
2248148785.0,L. Matthews,l..matthews@university.edu
88006109.0,L. Medeiros,l..medeiros@university.edu
2241253510.0,K. Menten,k..menten@university.edu
2306781298.0,Y. Mizuno,y..mizuno@university.edu
47227832.0,I. Mizuno,i..mizuno@university.edu
2237494773.0,J. M. Moran,j..m..moran@university.edu
103147798.0,K. Moriyama,k..moriyama@university.edu
31808099.0,M. Mościbrodzka,m..mościbrodzka@university.edu
2087049085.0,C. Müller,c..müller@university.edu
104373467.0,H. Nagai,h..nagai@university.edu
2307917272.0,N. Nagar,n..nagar@university.edu
49314437.0,M. Nakamura,m..nakamura@university.edu
2239166409.0,Ramesh Narayan,ramesh.narayan@university.edu
2277886249.0,G. Narayanan,g..narayanan@university.edu
47707320.0,I. Natarajan,i..natarajan@university.edu
2253746057.0,R. Neri,r..neri@university.edu
103688819.0,C. Ni,c..ni@university.edu
3875096.0,A. Noutsos,a..noutsos@university.edu
35474952.0,H. Okino,h..okino@university.edu
120627851.0,H. Olivares,h..olivares@university.edu
1388798755.0,G. Ortiz-Léon,g..ortiz-léon@university.edu
6561758.0,T. Oyama,t..oyama@university.edu
2232461902.0,F. Özel,f..özel@university.edu
46905080.0,D. Palumbo,d..palumbo@university.edu
2237080191.0,N. Patel,n..patel@university.edu
2211558884.0,U. Pen,u..pen@university.edu
101500823.0,D. Pesce,d..pesce@university.edu
2327076737.0,Vincent Piétu,vincent.piétu@university.edu
4230214.0,R. Plambeck,r..plambeck@university.edu
116976511.0,A. PopStefanija,a..popstefanija@university.edu
2923929.0,O. Porth,o..porth@university.edu
102705324.0,B. Prather,b..prather@university.edu
1393675549.0,J. A. Preciado-López,j..a..preciado-lópez@university.edu
35171471.0,D. Psaltis,d..psaltis@university.edu
102336045.0,Hung-Yi Pu,hung-yi.pu@university.edu
70878502.0,V. Ramakrishnan,v..ramakrishnan@university.edu
2069607317.0,R. Rao,r..rao@university.edu
145984719.0,M. Rawlings,m..rawlings@university.edu
30804845.0,A. Raymond,a..raymond@university.edu
2528000.0,L. Rezzolla,l..rezzolla@university.edu
88739233.0,B. Ripperda,b..ripperda@university.edu
153844813.0,F. Roelofs,f..roelofs@university.edu
2243990910.0,Alan Rogers,alan.rogers@university.edu
2309383109.0,Eduardo Ros,eduardo.ros@university.edu
2340288863.0,M. Rose,m..rose@university.edu
3420842.0,A. Roshanineshat,a..roshanineshat@university.edu
102602522.0,H. Rottmann,h..rottmann@university.edu
103133688.0,C. Ruszczyk,c..ruszczyk@university.edu
103335229.0,B. Ryan,b..ryan@university.edu
96624949.0,K. Rygl,k..rygl@university.edu
2327704618.0,Salvador Sánchez,salvador.sánchez@university.edu
1388044851.0,D. Sánchez-Arguelles,d..sánchez-arguelles@university.edu
49592899.0,M. Sasada,m..sasada@university.edu
2258097758.0,T. Savolainen,t..savolainen@university.edu
3907774.0,F. Schloerb,f..schloerb@university.edu
2247433828.0,Karl-Friedrich Schuster,karl-friedrich.schuster@university.edu
2249211150.0,Lijing Shao,lijing.shao@university.edu
2315799974.0,Zhiqiang Shen,zhiqiang.shen@university.edu
48414037.0,D. Small,d..small@university.edu
13514948.0,B. Sohn,b..sohn@university.edu
2143296153.0,J. SooHoo,j..soohoo@university.edu
26416801.0,F. Tazaki,f..tazaki@university.edu
103006391.0,P. Tiede,p..tiede@university.edu
48332903.0,R. Tilanus,r..tilanus@university.edu
102602569.0,M. Titus,m..titus@university.edu
2254802975.0,K. Toma,k..toma@university.edu
152389681.0,P. Torne,p..torne@university.edu
93920612.0,T. Trent,t..trent@university.edu
90442540.0,S. Trippe,s..trippe@university.edu
2294575523.0,Shuichiro Tsuda,shuichiro.tsuda@university.edu
114987633.0,I. van Bemmel,i..van.bemmel@university.edu
7976273.0,H. V. van Langevelde,h..v..van.langevelde@university.edu
2000332635.0,D. V. van Rossum,d..v..van.rossum@university.edu
2305822285.0,J. Wagner,j..wagner@university.edu
40763804.0,J. Wardle,j..wardle@university.edu
4665590.0,J. Weintroub,j..weintroub@university.edu
7334460.0,N. Wex,n..wex@university.edu
50640330.0,R. Wharton,r..wharton@university.edu
2243241670.0,M. Wielgus,m..wielgus@university.edu
39344608.0,G. Wong,g..wong@university.edu
1997481447.0,A. Young,a..young@university.edu
2271012232.0,K. Young,k..young@university.edu
90949709.0,Z. Younsi,z..younsi@university.edu
2258955690.0,F. Yuan,f..yuan@university.edu
2276013456.0,Ye-Fei Yuan,ye-fei.yuan@university.edu
2178137158.0,J. A. Zensus,j..a..zensus@university.edu
18138988.0,Guangyao Zhao,guangyao.zhao@university.edu
2256460921.0,Shanwei Zhao,shanwei.zhao@university.edu
46637792.0,Ziyan Zhu,ziyan.zhu@university.edu
2925847.0,R. Cappallo,r..cappallo@university.edu
2022174038.0,J. Farah,j..farah@university.edu
102801199.0,T. Folkers,t..folkers@university.edu
2049771086.0,Z. Meyer-Zhao,z..meyer-zhao@university.edu
50102829.0,D. Michalik,d..michalik@university.edu
103286486.0,A. Nadolski,a..nadolski@university.edu
2761778.0,H. Nishioka,h..nishioka@university.edu
12503077.0,N. Pradel,n..pradel@university.edu
2577310.0,R. Primiani,r..primiani@university.edu
80965989.0,K. Souccar,k..souccar@university.edu
47881455.0,L. Vertatschitsch,l..vertatschitsch@university.edu
114375106.0,P. Yamaguchi,p..yamaguchi@university.edu
145820435.0,Feng Yin,feng.yin@university.edu
12905215.0,Zhidi Lin,zhidi.lin@university.edu
145110324.0,Yue Xu,yue.xu@university.edu
2984224.0,Qinglei Kong,qinglei.kong@university.edu
1682963.0,Deshi Li,deshi.li@university.edu
9261284.0,S. Theodoridis,s..theodoridis@university.edu
66144903.0,Shuguang,shuguang@university.edu
2234493.0,Wenxiu Ding,wenxiu.ding@university.edu
145843577.0,Zheng Yan,zheng.yan@university.edu
1713669.0,R. Deng,r..deng@university.edu
2013116.0,H. Herodotou,h..herodotou@university.edu
2109167672.0,Yuxing Chen,yuxing.chen@university.edu
1680607.0,Jiaheng Lu,jiaheng.lu@university.edu
14063680.0,O. Yukselen,o..yukselen@university.edu
151163170.0,Osman Turkyilmaz,osman.turkyilmaz@university.edu
2070951559.0,Ahmet Ozturk,ahmet.ozturk@university.edu
47930027.0,Manuel Garber,manuel.garber@university.edu
5151013.0,Alper Kucukural,alper.kucukural@university.edu
145474997.0,S. Gallego,s..gallego@university.edu
2433129.0,M. Ortuño,m..ortuño@university.edu
2209636.0,C. Neipp,c..neipp@university.edu
144222463.0,A. Márquez,a..márquez@university.edu
3110499.0,A. Beléndez,a..beléndez@university.edu
144389142.0,I. Pascual,i..pascual@university.edu
144932118.0,J. Kelly,j..kelly@university.edu
2113789298.0,J. Sheridan,j..sheridan@university.edu
2273875258.0,A. D. H. D. Close,a..d..h..d..close@university.edu
2273875567.0,J. D. Jacobson,j..d..jacobson@university.edu
2273881741.0,R. G. Margerum,r..g..margerum@university.edu
2273898488.0,F. J. Brault,f..j..brault@university.edu
2273879081.0,Mcclung,mcclung@university.edu
2273876483.0,D A Walkman,d.a.walkman@university.edu
2273819830.0,H-Y S Li,h-y.s.li@university.edu
144499063.0,M. Horner,m..horner@university.edu
2273882054.0,J R Lawrence,j.r.lawrence@university.edu
2273879302.0,F. T. O 'neill,f..t..o.'neill@university.edu
2273898606.0,Photopolymer,photopolymer@university.edu
2273881434.0,S Piazzolla,s.piazzolla@university.edu
2273877403.0,B. K. Jenkins,b..k..jenkins@university.edu
2273875320.0,J T Sheridan,j.t.sheridan@university.edu
2257927661.0,J. R. Lawrence,j..r..lawrence@university.edu
2251602395.0,C Neipp,c.neipp@university.edu
2272802523.0,M. Alvarez,m..alvarez@university.edu
2273875516.0,R R Adhami,r.r.adhami@university.edu
5499926.0,D. Lanteigne,d..lanteigne@university.edu
2273811142.0,D. A. Gregory,d..a..gregory@university.edu
2250842462.0,Colvin,colvin@university.edu
2250385626.0,R. Larson,r..larson@university.edu
2251702882.0,A. Harris,a..harris@university.edu
2250332875.0,M. Schilling,m..schilling@university.edu
2273882359.0,G M Karpov,g.m.karpov@university.edu
92794405.0,V. Obukhovsky,v..obukhovsky@university.edu
93929692.0,T. Smirnova,t..smirnova@university.edu
102814422.0,V. Lemeshko,v..lemeshko@university.edu
2273881406.0,M Ortuño,m.ortuño@university.edu
2107824003.0,C. García,c..garcía@university.edu
2273879072.0,I Aubrecht,i.aubrecht@university.edu
115826295.0,M. Miler,m..miler@university.edu
12231949.0,I. Koudela,i..koudela@university.edu
2252947662.0,H J Coufal,h.j.coufal@university.edu
102481700.0,D. Psaltis,d..psaltis@university.edu
2273881409.0,Data Storage,data.storage@university.edu
3322638.0,G. Sincerbox,g..sincerbox@university.edu
2202644689.0,Shaopeng Wang,shaopeng.wang@university.edu
46701628.0,Xiuhai Mao,xiuhai.mao@university.edu
2278262617.0,Fei Wang,fei.wang@university.edu
6278337.0,Xiaolei Zuo,xiaolei.zuo@university.edu
2153501082.0,Chunhai Fan,chunhai.fan@university.edu
2062347618.0,M. Lanza,m..lanza@university.edu
145428675.0,A. Sebastian,a..sebastian@university.edu
145331607.0,W. Lu,w..lu@university.edu
8696815.0,M. Le Gallo,m..le.gallo@university.edu
1739998.0,M. Chang,m..chang@university.edu
2349723.0,D. Akinwande,d..akinwande@university.edu
35863251.0,F. Puglisi,f..puglisi@university.edu
6440741.0,H. Alshareef,h..alshareef@university.edu
36523639.0,Meilin Liu,meilin.liu@university.edu
35004726.0,J. Roldán,j..roldán@university.edu
1637489841.0,Andrea Doricchi,andrea.doricchi@university.edu
52129294.0,Casey M. Platnich,casey.m..platnich@university.edu
1960843123.0,Andreas L. Gimpel,andreas.l..gimpel@university.edu
146714837.0,F. Horn,f..horn@university.edu
2169661889.0,Max Earle,max.earle@university.edu
2188247966.0,Germàn Lanzavecchia,germàn.lanzavecchia@university.edu
3914622.0,A. Cortajarena,a..cortajarena@university.edu
1393630358.0,L. Liz‐Marzán,l..liz‐marzán@university.edu
2188367935.0,Na Liu,na.liu@university.edu
145639495.0,Reinhard Heckel,reinhard.heckel@university.edu
48560944.0,R. Grass,r..grass@university.edu
2202140.0,R. Krahne,r..krahne@university.edu
3356500.0,U. Keyser,u..keyser@university.edu
4903376.0,D. Garoli,d..garoli@university.edu
2049071558.0,Junqing Lu,junqing.lu@university.edu
143808691.0,Jian Shen,jian.shen@university.edu
46342348.0,P. Vijayakumar,p..vijayakumar@university.edu
2082427140.0,B. Gupta,b..gupta@university.edu
1800004.0,Ilan Shomorony,ilan.shomorony@university.edu
2051791774.0,Karishma Matange,karishma.matange@university.edu
143973917.0,James M. Tuck,james.m..tuck@university.edu
37021971.0,Albert J. Keung,albert.j..keung@university.edu
97233415.0,W. Liang,w..liang@university.edu
34548938.0,Yongkai Fan,yongkai.fan@university.edu
69486668.0,Kuan Ching Li,kuan.ching.li@university.edu
40452934.0,Dafang Zhang,dafang.zhang@university.edu
144086037.0,J. Gaudiot,j..gaudiot@university.edu
23757022.0,Lee Organick,lee.organick@university.edu
29865576.0,S. Ang,s..ang@university.edu
2886004.0,Yuan-Jyue Chen,yuan-jyue.chen@university.edu
32697055.0,Randolph Lopez,randolph.lopez@university.edu
1729804.0,S. Yekhanin,s..yekhanin@university.edu
1721446.0,K. Makarychev,k..makarychev@university.edu
150228028.0,Miklós Z. Rácz,miklós.z..rácz@university.edu
1837061.0,G. Kamath,g..kamath@university.edu
1718214.0,Parikshit Gopalan,parikshit.gopalan@university.edu
38697713.0,Bichlien H. Nguyen,bichlien.h..nguyen@university.edu
35479753.0,Christopher N. Takahashi,christopher.n..takahashi@university.edu
47170423.0,Sharon Newman,sharon.newman@university.edu
119935593.0,Hsing-Yeh Parker,hsing-yeh.parker@university.edu
3125805.0,Cyrus Rashtchian,cyrus.rashtchian@university.edu
145966834.0,Kendall Stewart,kendall.stewart@university.edu
2061294792.0,Gagan Gupta,gagan.gupta@university.edu
47530702.0,Robert Carlson,robert.carlson@university.edu
2073961872.0,J. Mulligan,j..mulligan@university.edu
52129431.0,Douglas M. Carmean,douglas.m..carmean@university.edu
49997612.0,Georg Seelig,georg.seelig@university.edu
1717411.0,L. Ceze,l..ceze@university.edu
145033446.0,K. Strauss,k..strauss@university.edu
2154742781.0,Weigang Chen,weigang.chen@university.edu
1635504630.0,Mingzhe Han,mingzhe.han@university.edu
48129278.0,Jianting Zhou,jianting.zhou@university.edu
2089054636.0,Q. Ge,q..ge@university.edu
2108355738.0,Panpan Wang,panpan.wang@university.edu
2108098765.0,Xinchen Zhang,xinchen.zhang@university.edu
2110018952.0,Siyu Zhu,siyu.zhu@university.edu
2040448821.0,Lifu Song,lifu.song@university.edu
2158141874.0,Yingjin Yuan,yingjin.yuan@university.edu
6450623.0,Jeff Nivala,jeff.nivala@university.edu
50037350.0,G. Molas,g..molas@university.edu
47019161.0,E. Nowak,e..nowak@university.edu
51435615.0,J. Puebla,j..puebla@university.edu
47964724.0,Junyeon Kim,junyeon.kim@university.edu
32102344.0,K. Kondou,k..kondou@university.edu
143674076.0,Y. Otani,y..otani@university.edu
145772858.0,Zhihan Lv,zhihan.lv@university.edu
2116431916.0,Xiaoming Li,xiaoming.li@university.edu
38929912.0,Haibin Lv,haibin.lv@university.edu
9138305.0,Wenqun Xiu,wenqun.xiu@university.edu
2277231466.0,Martin Strohbach,martin.strohbach@university.edu
2288855760.0,AS A Commodity,as.a.commodity@university.edu
2119125110.0,Jake A. Smith,jake.a..smith@university.edu
2279833566.0,Richard Rouse,richard.rouse@university.edu
2142142532.0,Paul Berndt,paul.berndt@university.edu
2056913832.0,David Ward,david.ward@university.edu
2387195.0,P. Garvan,p..garvan@university.edu
2058303089.0,R. Carlson,r..carlson@university.edu
1437984708.0,Philipp L Antkowiak,philipp.l.antkowiak@university.edu
46759507.0,Jory Lietard,jory.lietard@university.edu
1796253611.0,Mohammad Zalbagi Darestani,mohammad.zalbagi.darestani@university.edu
4428768.0,M. Somoza,m..somoza@university.edu
32073567.0,W. Stark,w..stark@university.edu
1515428357.0,Chengtao Xu,chengtao.xu@university.edu
151480423.0,Chao Zhao,chao.zhao@university.edu
2084599260.0,Biao Ma,biao.ma@university.edu
2118902636.0,Hong Liu,hong.liu@university.edu
8336569.0,Kaikai Chen,kaikai.chen@university.edu
5499803.0,Jinbo Zhu,jinbo.zhu@university.edu
1402971229.0,F. Bošković,f..bošković@university.edu
2262395240.0,Weixu Zhang,weixu.zhang@university.edu
2262428111.0,Yifei Wang,yifei.wang@university.edu
2780420.0,Yuanfeng Song,yuanfeng.song@university.edu
119640702.0,Victor Junqiu Wei,victor.junqiu.wei@university.edu
2262253091.0,Yuxing Tian,yuxing.tian@university.edu
2263500999.0,Yiyan Qi,yiyan.qi@university.edu
2187095290.0,Jonathan H. Chan,jonathan.h..chan@university.edu
2149809741.0,Raymond Chi-Wing Wong,raymond.chi-wing.wong@university.edu
2262442746.0,Haiqin Yang,haiqin.yang@university.edu
3403873.0,Ruben Taelman,ruben.taelman@university.edu
2701137.0,M. V. Sande,m..v..sande@university.edu
1723397.0,R. Verborgh,r..verborgh@university.edu
32435123.0,J. Herwegen,j..herwegen@university.edu
1691320.0,E. Mannens,e..mannens@university.edu
144520698.0,R. Walle,r..walle@university.edu
145862114.0,Ricardo Gonçalves,ricardo.gonçalves@university.edu
144562120.0,J. Saraiva,j..saraiva@university.edu
1688314.0,O. Belo,o..belo@university.edu
2115811945.0,Chi Zhang,chi.zhang@university.edu
144204299.0,J. Beetz,j..beetz@university.edu
35195456.0,B. Vries,b..vries@university.edu
103073143.0,Rongxing Lu,rongxing.lu@university.edu
144637915.0,M. Ma,m..ma@university.edu
3326354.0,Haiyong Bao,haiyong.bao@university.edu
1807507.0,N. Pelekis,n..pelekis@university.edu
1400458662.0,A. Gkoulalas-Divanis,a..gkoulalas-divanis@university.edu
2083698.0,M. Vodas,m..vodas@university.edu
3195651.0,Anargyros Plemenos,anargyros.plemenos@university.edu
2262442.0,Despina Kopanaki,despina.kopanaki@university.edu
1714996.0,Y. Theodoridis,y..theodoridis@university.edu
1710966.0,Jürgen Umbrich,jürgen.umbrich@university.edu
144007515.0,Aidan Hogan,aidan.hogan@university.edu
1708607.0,A. Polleres,a..polleres@university.edu
1685642.0,S. Decker,s..decker@university.edu
39376048.0,Diptikalyan Saha,diptikalyan.saha@university.edu
2327080.0,Avrilia Floratou,avrilia.floratou@university.edu
145590185.0,Karthik Sankaranarayanan,karthik.sankaranarayanan@university.edu
1856878.0,U. F. Minhas,u..f..minhas@university.edu
3441349.0,Ashish R. Mittal,ashish.r..mittal@university.edu
143972996.0,Fatma Özcan,fatma.özcan@university.edu
2285196231.0,Leonid Libkin,leonid.libkin@university.edu
2243335778.0,Wim Martens,wim.martens@university.edu
2434366.0,D. Vrgoč,d..vrgoč@university.edu
2899295.0,G. I. Diaz,g..i..diaz@university.edu
144658846.0,M. Arenas,m..arenas@university.edu
1750856.0,Michael Benedikt,michael.benedikt@university.edu
145917501.0,Christian S. Jensen,christian.s..jensen@university.edu
1679469.0,S. Strohmeier,s..strohmeier@university.edu
2621478.0,Franca Piazza,franca.piazza@university.edu
2108533.0,Marcin Wylot,marcin.wylot@university.edu
1393644275.0,P. Cudré-Mauroux,p..cudré-mauroux@university.edu
1733076.0,M. Hauswirth,m..hauswirth@university.edu
2113453831.0,Hui Ding,hui.ding@university.edu
1776969.0,Goce Trajcevski,goce.trajcevski@university.edu
144823472.0,P. Scheuermann,p..scheuermann@university.edu
2118775979.0,Xiaoyue Wang,xiaoyue.wang@university.edu
2840853.0,Javad Chamanara,javad.chamanara@university.edu
1389035902.0,B. König-Ries,b..könig-ries@university.edu
25017334.0,B. Kolev,b..kolev@university.edu
144255847.0,P. Valduriez,p..valduriez@university.edu
2015216.0,Carlyna Bondiombouy,carlyna.bondiombouy@university.edu
1398264223.0,R. Jiménez-Peris,r..jiménez-peris@university.edu
2489164.0,Raquel Pau,raquel.pau@university.edu
147131429.0,José Pereira,josé.pereira@university.edu
1876123.0,Ahmed Eldawy,ahmed.eldawy@university.edu
1756679.0,M. Mokbel,m..mokbel@university.edu
1388622435.0,Saif Al-Harthi,saif.al-harthi@university.edu
1404602362.0,Abdulhadi Alzaidy,abdulhadi.alzaidy@university.edu
32653213.0,Kareem Tarek,kareem.tarek@university.edu
2635216.0,Sohaib Ghani,sohaib.ghani@university.edu
1757732.0,R. Intan,r..intan@university.edu
2501124.0,M. Mukaidono,m..mukaidono@university.edu
144502903.0,W. Fan,w..fan@university.edu
1729031.0,Floris Geerts,floris.geerts@university.edu
2125469004.0,Yang Cao,yang.cao@university.edu
2063047670.0,Ting Deng,ting.deng@university.edu
2069299218.0,Ping Lu,ping.lu@university.edu
31121189.0,D. Huang,d..huang@university.edu
3295650.0,Brad T. Sherman,brad.t..sherman@university.edu
3047801.0,R. Lempicki,r..lempicki@university.edu
2353418825.0,Applications,applications@university.edu
2353421876.0,Note doi10.,note.doi10.@university.edu
2353421932.0,bioinformaticsbts023,bioinformaticsbts023@university.edu
2249516636.0,Da Wei Huang,da.wei.huang@university.edu
3358466.0,R. Gentleman,r..gentleman@university.edu
33361123.0,V. Carey,v..carey@university.edu
2437910.0,D. Bates,d..bates@university.edu
47214302.0,B. Bolstad,b..bolstad@university.edu
34867444.0,M. Dettling,m..dettling@university.edu
2225350.0,S. Dudoit,s..dudoit@university.edu
50265927.0,B. Ellis,b..ellis@university.edu
47188358.0,L. Gautier,l..gautier@university.edu
2547529.0,Yongchao Ge,yongchao.ge@university.edu
1794050.0,Jeff Gentry,jeff.gentry@university.edu
1764952.0,K. Hornik,k..hornik@university.edu
1970375.0,T. Hothorn,t..hothorn@university.edu
2113566344.0,W. Huber,w..huber@university.edu
1760557.0,S. Iacus,s..iacus@university.edu
2441164.0,R. Irizarry,r..irizarry@university.edu
49826711.0,F. Leisch,f..leisch@university.edu
2143637032.0,Cheng Li,cheng.li@university.edu
123915050.0,M. Maechler,m..maechler@university.edu
30385000.0,A. Rossini,a..rossini@university.edu
50632287.0,G. Sawitzki,g..sawitzki@university.edu
2110031255.0,Colin Smith,colin.smith@university.edu
2054782300.0,Gordon Smyth,gordon.smyth@university.edu
3371112.0,L. Tierney,l..tierney@university.edu
2109754522.0,J. Y. Yang,j..y..yang@university.edu
2108239502.0,Jianhua Zhang,jianhua.zhang@university.edu
144555539.0,P. Cock,p..cock@university.edu
144948041.0,T. Antão,t..antão@university.edu
3182046.0,Jeffrey T. Chang,jeffrey.t..chang@university.edu
2076781545.0,Brad A. Chapman,brad.a..chapman@university.edu
2668208.0,C. Cox,c..cox@university.edu
1714089.0,A. Dalke,a..dalke@university.edu
48058907.0,Iddo Friedberg,iddo.friedberg@university.edu
2458906.0,T. Hamelryck,t..hamelryck@university.edu
2217351.0,F. Kauff,f..kauff@university.edu
1685371.0,B. Wilczyński,b..wilczyński@university.edu
153574509.0,Michiel J. L. de Hoon,michiel.j..l..de.hoon@university.edu
4554812.0,Philip A. Ewels,philip.a..ewels@university.edu
2834694.0,Alexander Peltzer,alexander.peltzer@university.edu
37163398.0,Sven Fillinger,sven.fillinger@university.edu
2113461343.0,Harshil Patel,harshil.patel@university.edu
6116843.0,J. Alneberg,j..alneberg@university.edu
50423264.0,A. Wilm,a..wilm@university.edu
2157327836.0,M. Garcia,m..garcia@university.edu
11059942.0,Paolo Di Tommaso,paolo.di.tommaso@university.edu
2088607.0,S. Nahnsen,s..nahnsen@university.edu
2149662145.0,Weitao Shen,weitao.shen@university.edu
1785367067.0,Ziguang Song,ziguang.song@university.edu
2113309268.0,Xiao Zhong,xiao.zhong@university.edu
2175549323.0,Mei Huang,mei.huang@university.edu
52211482.0,Danting Shen,danting.shen@university.edu
2147233971.0,Pingping Gao,pingping.gao@university.edu
5743381.0,Xiaoqian Qian,xiaoqian.qian@university.edu
2175581044.0,Mengmeng Wang,mengmeng.wang@university.edu
2175540259.0,Xiubin He,xiubin.he@university.edu
87679026.0,Tonglian Wang,tonglian.wang@university.edu
2175859828.0,Shuang Li,shuang.li@university.edu
2118944636.0,Xiangyuan Song,xiangyuan.song@university.edu
2056809516.0,R. Olson,r..olson@university.edu
20632783.0,Rida Assaf,rida.assaf@university.edu
2835362.0,T. Brettin,t..brettin@university.edu
33187839.0,Neal Conrad,neal.conrad@university.edu
2161035978.0,Clark Cucinell,clark.cucinell@university.edu
2066034.0,James J. Davis,james.j..davis@university.edu
31531180.0,D. M. Dempsey,d..m..dempsey@university.edu
1721674.0,A. Dickerman,a..dickerman@university.edu
152946974.0,Emily M. Dietrich,emily.m..dietrich@university.edu
32248663.0,Ron Kenyon,ron.kenyon@university.edu
67278669.0,M. Kuscuoglu,m..kuscuoglu@university.edu
2192248.0,E. Lefkowitz,e..lefkowitz@university.edu
2190279230.0,Jian Lu,jian.lu@university.edu
2383424.0,D. Machi,d..machi@university.edu
2439632.0,C. Macken,c..macken@university.edu
9664115.0,Chunhong Mao,chunhong.mao@university.edu
153220797.0,A. Niewiadomska,a..niewiadomska@university.edu
51030373.0,M. Nguyen,m..nguyen@university.edu
1801048.0,G. Olsen,g..olsen@university.edu
2190274959.0,Jamie C. Overbeek,jamie.c..overbeek@university.edu
1781476.0,B. Parrello,b..parrello@university.edu
2178905859.0,Victoria A. Parrello,victoria.a..parrello@university.edu
2190275618.0,Jacob S Porter,jacob.s.porter@university.edu
1782365.0,G. Pusch,g..pusch@university.edu
143914828.0,Maulik Shukla,maulik.shukla@university.edu
49494472.0,Indresh Singh,indresh.singh@university.edu
48166724.0,Lucy Stewart,lucy.stewart@university.edu
6785726.0,G. Tan,g..tan@university.edu
2149107070.0,C. Thomas,c..thomas@university.edu
87251245.0,Margo VanOeffelen,margo.vanoeffelen@university.edu
1786042.0,Veronika Vonstein,veronika.vonstein@university.edu
2190274870.0,Zachary S Wallace,zachary.s.wallace@university.edu
2319238.0,A. Warren,a..warren@university.edu
2172513.0,A. Wattam,a..wattam@university.edu
1795703.0,Fangfang Xia,fangfang.xia@university.edu
47110669.0,H. Yoo,h..yoo@university.edu
1697279.0,C. Zmasek,c..zmasek@university.edu
145125922.0,R. Scheuermann,r..scheuermann@university.edu
2054435269.0,R. Stevens,r..stevens@university.edu
2000280073.0,Lukas Zimmermann,lukas.zimmermann@university.edu
35095083.0,Andrew Stephens,andrew.stephens@university.edu
8632990.0,Seung-Zin Nam,seung-zin.nam@university.edu
144294375.0,David Rau,david.rau@university.edu
153053139.0,Jonas M. Kübler,jonas.m..kübler@university.edu
32226094.0,Marko Lozajic,marko.lozajic@university.edu
31602600.0,Felix Gabler,felix.gabler@university.edu
2225852.0,J. Söding,j..söding@university.edu
2471892.0,A. Lupas,a..lupas@university.edu
5827149.0,V. Alva,v..alva@university.edu
46584000.0,Johannes Köster,johannes.köster@university.edu
2857775.0,S. Rahmann,s..rahmann@university.edu
2108703264.0,Yunhao Wang,yunhao.wang@university.edu
2116811349.0,Yue Zhao,yue.zhao@university.edu
2353864350.0,Audrey Bollas,audrey.bollas@university.edu
47906558.0,Yuru Wang,yuru.wang@university.edu
5419411.0,K. Au,k..au@university.edu
2201278469.0,Shuang Zhang,shuang.zhang@university.edu
144452053.0,Rui Fan,rui.fan@university.edu
2201300577.0,Yuti Liu,yuti.liu@university.edu
2110791297.0,Shuang Chen,shuang.chen@university.edu
50383679.0,Qiao Liu,qiao.liu@university.edu
3390833.0,Wanwen Zeng,wanwen.zeng@university.edu
2288841025.0,Systems Biology,systems.biology@university.edu
26974298.0,Zhiye Guo,zhiye.guo@university.edu
2150168676.0,Jian Liu,jian.liu@university.edu
2225237556.0,Yanli Wang,yanli.wang@university.edu
2125046066.0,Mengrui Chen,mengrui.chen@university.edu
5176032.0,Duolin Wang,duolin.wang@university.edu
2262425539.0,Dong Xu,dong.xu@university.edu
2258508542.0,Jianlin Cheng,jianlin.cheng@university.edu
2826889.0,Sébastien Boisvert,sébastien.boisvert@university.edu
8217604.0,Christopher Bun,christopher.bun@university.edu
8671148.0,T. Disz,t..disz@university.edu
1742876.0,Joseph L. Gabbard,joseph.l..gabbard@university.edu
1751168.0,S. Gerdes,s..gerdes@university.edu
39833473.0,C. Henry,c..henry@university.edu
20880122.0,E. Nordberg,e..nordberg@university.edu
1398502349.0,Daniel Murphy-Olson,daniel.murphy-olson@university.edu
1759274.0,R. Overbeek,r..overbeek@university.edu
1936676.0,Rick L. Stevens,rick.l..stevens@university.edu
2211125690.0,Evelyn Shue,evelyn.shue@university.edu
75099394.0,Li Liu,li.liu@university.edu
2211410771.0,Bingxin Li,bingxin.li@university.edu
49047984.0,Zifeng Feng,zifeng.feng@university.edu
40286491.0,X. Li,x..li@university.edu
7203947.0,Gangqing Hu,gangqing.hu@university.edu
2422635.0,S. Duvaud,s..duvaud@university.edu
49777873.0,Chiara Gabella,chiara.gabella@university.edu
2258235.0,F. Lisacek,f..lisacek@university.edu
2154830.0,H. Stockinger,h..stockinger@university.edu
1800800.0,V. Ioannidis,v..ioannidis@university.edu
50230421.0,C. Durinx,c..durinx@university.edu
