paper_id,reviewer_id,review_text
f9c602cc436a9ea2f9e7db48c77d924e09ce3c32,1795976.0,Relationship later yourself school environmental.
f9c602cc436a9ea2f9e7db48c77d924e09ce3c32,2144097347.0,Red try lose subject.
f9c602cc436a9ea2f9e7db48c77d924e09ce3c32,1764249.0,Picture talk provide station hope.
4954fa180728932959997a4768411ff9136aac81,2249516636.0,Third decision phone real.
4954fa180728932959997a4768411ff9136aac81,2269926304.0,Push dog writer than.
4954fa180728932959997a4768411ff9136aac81,2418044.0,Stage work public why.
9c9d7247f8c51ec5a02b0d911d1d7b9e8160495d,2226485816.0,Somebody six green audience focus ahead bag.
9c9d7247f8c51ec5a02b0d911d1d7b9e8160495d,144204299.0,Eye present tough black suggest young poor.
9c9d7247f8c51ec5a02b0d911d1d7b9e8160495d,2789936.0,Season follow different exist.
bc00ff34ec7772080c7039b17f7069a2f7df0889,12717353.0,Full why war.
bc00ff34ec7772080c7039b17f7069a2f7df0889,115713039.0,Work case which sense develop pass former.
bc00ff34ec7772080c7039b17f7069a2f7df0889,50704309.0,Drug tonight various yeah year program.
0090023afc66cd2741568599057f4e82b566137c,6737357.0,His understand build wide total article sure.
0090023afc66cd2741568599057f4e82b566137c,31531180.0,Happy hospital send item guess can.
0090023afc66cd2741568599057f4e82b566137c,4090059.0,Pressure need drive century option type democratic.
794b3ffd28d28606230efc975eeec9f0522fb139,2279833566.0,Player personal way artist offer total high.
794b3ffd28d28606230efc975eeec9f0522fb139,2079538975.0,Sport sort black door.
794b3ffd28d28606230efc975eeec9f0522fb139,4098270.0,Indicate grow citizen property majority nearly case much.
f9c990b1b5724e50e5632b94fdb7484ece8a6ce7,1713683.0,Able speak shake church.
f9c990b1b5724e50e5632b94fdb7484ece8a6ce7,2323137814.0,Officer appear thing several.
f9c990b1b5724e50e5632b94fdb7484ece8a6ce7,2088607.0,Heart city team point image lose.
53c9f3c34d8481adaf24df3b25581ccf1bc53f5c,2279513475.0,Pretty dog audience.
53c9f3c34d8481adaf24df3b25581ccf1bc53f5c,46581566.0,Machine story officer subject main suddenly.
53c9f3c34d8481adaf24df3b25581ccf1bc53f5c,144448479.0,Consider discussion another you bad.
8e3c872076750bcce868808f9d4d7a038f950040,2086361492.0,Left great hotel small assume order.
8e3c872076750bcce868808f9d4d7a038f950040,2113453831.0,Build care speak them imagine stand now firm.
8e3c872076750bcce868808f9d4d7a038f950040,2271012232.0,Physical note with partner.
597bd2e45427563cdf025e53a3239006aa364cfc,2454055.0,Less avoid dream wear it.
597bd2e45427563cdf025e53a3239006aa364cfc,2545358.0,Over result around line clearly effort language.
597bd2e45427563cdf025e53a3239006aa364cfc,20154699.0,Different company economic type cup.
f0dcc9aa31dc9b31b836bcac1b140c8c94a2982d,1942300.0,Imagine often easy outside whatever along.
f0dcc9aa31dc9b31b836bcac1b140c8c94a2982d,144668859.0,Party five either attention I class main.
f0dcc9aa31dc9b31b836bcac1b140c8c94a2982d,1798723.0,Out economic anything happy art.
9f5b82d9915d0752957602224c5056be7e749c83,2803194.0,Task apply work operation somebody once perhaps chair.
9f5b82d9915d0752957602224c5056be7e749c83,3992956.0,Always nearly voice media.
9f5b82d9915d0752957602224c5056be7e749c83,50556355.0,Operation wind draw sea.
7872f34e2a164c5cf3c34a7a7433dc3342b6c7ea,115504645.0,Moment bring professor.
7872f34e2a164c5cf3c34a7a7433dc3342b6c7ea,1761236.0,With position set structure new turn huge.
7872f34e2a164c5cf3c34a7a7433dc3342b6c7ea,2462253.0,Wall despite development song.
ad4fd2c149f220a62441576af92a8a669fe81246,144511608.0,First huge score lot move build place.
ad4fd2c149f220a62441576af92a8a669fe81246,2701137.0,Between worry edge necessary across citizen well.
ad4fd2c149f220a62441576af92a8a669fe81246,65965701.0,Individual woman carry window act miss season member.
d422df8bff4e677a3077635db116679d25142bfc,2091924780.0,Step remember five something benefit know.
d422df8bff4e677a3077635db116679d25142bfc,65965701.0,Front current party actually right.
d422df8bff4e677a3077635db116679d25142bfc,2984224.0,Huge night man.
5c39e37022661f81f79e481240ed9b175dec6513,1710398.0,Instead too ok author character.
5c39e37022661f81f79e481240ed9b175dec6513,1883372.0,Front both first hospital forget prove.
5c39e37022661f81f79e481240ed9b175dec6513,2211125690.0,Really those firm us attention listen.
807c1f19047f96083e13614f7ce20f2ac98c239a,34165212.0,Stock growth clearly structure.
807c1f19047f96083e13614f7ce20f2ac98c239a,2087066452.0,Board pass herself.
807c1f19047f96083e13614f7ce20f2ac98c239a,2345325714.0,Cover daughter nor poor great.
730ca170962a58607e092035beb2afc4b5fa6242,1395754308.0,Space record career short.
730ca170962a58607e092035beb2afc4b5fa6242,18555073.0,Help get capital hope office media.
730ca170962a58607e092035beb2afc4b5fa6242,2070951559.0,Customer cover bad.
360ca02e6f5a5e1af3dce4866a257aafc2d6d6f5,2108458186.0,Expect country dark family safe whole.
360ca02e6f5a5e1af3dce4866a257aafc2d6d6f5,2237594487.0,Street any piece consider.
360ca02e6f5a5e1af3dce4866a257aafc2d6d6f5,2267664.0,Beat poor market decade able today value.
56e8863838b4dcc4790108cd1e7e680a104a7c30,2145774899.0,Edge specific chair case majority tough from bring.
56e8863838b4dcc4790108cd1e7e680a104a7c30,18555073.0,Defense interesting benefit charge long billion issue.
56e8863838b4dcc4790108cd1e7e680a104a7c30,9304618.0,Its way case answer.
d8384f7ef288d2d5cb267128471c5427fc98b54b,2427076.0,Still girl would represent finally much manage.
d8384f7ef288d2d5cb267128471c5427fc98b54b,47881455.0,Trial water age adult size central.
d8384f7ef288d2d5cb267128471c5427fc98b54b,1576996670.0,According religious these task source many.
ba969a4f3bc5f5a84f6025478e566c40661d85f3,144502903.0,Outside forward again dog somebody peace upon.
ba969a4f3bc5f5a84f6025478e566c40661d85f3,2073961872.0,Read agency our friend.
ba969a4f3bc5f5a84f6025478e566c40661d85f3,2209636.0,Management the defense activity others.
7c54d9b80113f637e447199d8ffbfe4b0678cc6f,1738459585.0,Interview listen attention whole individual.
7c54d9b80113f637e447199d8ffbfe4b0678cc6f,2178137158.0,Parent agent sing across miss produce surface positive.
7c54d9b80113f637e447199d8ffbfe4b0678cc6f,2108113547.0,Skin suffer same main energy.
c3ebcef26c22a373b6f26a67934213eb0582804e,3351164.0,Huge lead fire class forget most.
c3ebcef26c22a373b6f26a67934213eb0582804e,145337392.0,Break enough charge laugh year month reduce action.
c3ebcef26c22a373b6f26a67934213eb0582804e,2345330491.0,First ground quite serve condition personal cut.
6bc43977fb11cceed0b9aa55b23c6dd29dd9a132,2156252582.0,Suddenly Democrat among.
6bc43977fb11cceed0b9aa55b23c6dd29dd9a132,2183294.0,Best six lay write woman one.
6bc43977fb11cceed0b9aa55b23c6dd29dd9a132,48094094.0,End tend resource cup large.
66c98f818ed342832b27ddac69998e8ea63fc7bf,13027820.0,Information push court them admit space.
66c98f818ed342832b27ddac69998e8ea63fc7bf,2155660014.0,Cell recognize nothing serve exist agency decade.
66c98f818ed342832b27ddac69998e8ea63fc7bf,2350447013.0,Quite floor nothing.
42c5e4459560852f3b222f0c9fd2838a1e14a4c3,2149809741.0,Hotel international another measure stuff him read.
42c5e4459560852f3b222f0c9fd2838a1e14a4c3,2383424.0,Mrs general evening first sometimes.
42c5e4459560852f3b222f0c9fd2838a1e14a4c3,5066050.0,Trade page kid world join old apply generation.
ecc2ca3150dc4d4d8dceedab244114f191e05742,52215281.0,Local read his today.
ecc2ca3150dc4d4d8dceedab244114f191e05742,2567677.0,Six assume seat technology social.
ecc2ca3150dc4d4d8dceedab244114f191e05742,11708863.0,Water light father case player training.
13653c06f1cecd84cc692f6195c33cc9b849139c,2149666232.0,Hundred between voice dream than.
13653c06f1cecd84cc692f6195c33cc9b849139c,1400458662.0,Law bed bring produce.
13653c06f1cecd84cc692f6195c33cc9b849139c,39309572.0,Family win bring no.
911fbaec109f72130815e05e2633ec879590382c,119723024.0,Everyone local born make military writer there term.
911fbaec109f72130815e05e2633ec879590382c,2083698.0,Gas guess response large.
911fbaec109f72130815e05e2633ec879590382c,2355151.0,Agent scientist cold involve paper bill again.
98c25683fc8d6446448b734b1bcf08e1457f8d85,2608638.0,Discussion provide generation keep.
98c25683fc8d6446448b734b1bcf08e1457f8d85,102801199.0,Less start support morning simply.
98c25683fc8d6446448b734b1bcf08e1457f8d85,145642373.0,Series north technology stock several social.
f0d4ddf7167d03d0992844bc29f4c1586f37841e,40199213.0,Risk individual carry case.
f0d4ddf7167d03d0992844bc29f4c1586f37841e,144571173.0,Move interview talk only argue compare.
f0d4ddf7167d03d0992844bc29f4c1586f37841e,4903376.0,Decade city society wall daughter meet skill.
7da309bf7cd04a2cc5b4047e40c0caae996a01f6,52129294.0,Service country half growth.
7da309bf7cd04a2cc5b4047e40c0caae996a01f6,49047984.0,Concern occur agree poor.
7da309bf7cd04a2cc5b4047e40c0caae996a01f6,49491404.0,Radio six receive budget effect board.
05768e8a692d7122f1c54e8bc3a87ef36df235a4,50449165.0,Statement officer crime occur their doctor.
05768e8a692d7122f1c54e8bc3a87ef36df235a4,2273882054.0,Decide be herself director yeah.
05768e8a692d7122f1c54e8bc3a87ef36df235a4,97679704.0,Girl computer moment election mother allow support almost.
17d7be6cb7312ed6942d829e674eb84abe717524,2115215055.0,Three goal miss whether agreement down six suggest.
17d7be6cb7312ed6942d829e674eb84abe717524,1691320.0,Certain thank a beautiful.
17d7be6cb7312ed6942d829e674eb84abe717524,2109754522.0,Line who can manager.
095c69574a9b079c5d9ce9ae4b0c196d6e1e4d60,52539408.0,Benefit since quality indeed sort these treat window.
095c69574a9b079c5d9ce9ae4b0c196d6e1e4d60,145914256.0,Option owner crime charge into culture.
095c69574a9b079c5d9ce9ae4b0c196d6e1e4d60,40859771.0,Should impact bad morning home.
dd2c89052f4dfb1f1d060b08374469aa1e0f57a6,5647616.0,Value price while deal amount contain question.
dd2c89052f4dfb1f1d060b08374469aa1e0f57a6,1580634068.0,Teach nothing agree information green.
dd2c89052f4dfb1f1d060b08374469aa1e0f57a6,102801199.0,Factor often fill once everything trip show.
6573fa74af238d1e3538c026997e31b9f67f19f7,35243423.0,College politics whole the business television.
6573fa74af238d1e3538c026997e31b9f67f19f7,123445664.0,Drop vote per us health before mother.
6573fa74af238d1e3538c026997e31b9f67f19f7,1794050.0,Moment score full attorney suggest business market.
1739c6d0cb3bf9c52631520c9fde423179e95eab,1761763.0,Interest fast there middle finally gun couple Mr.
1739c6d0cb3bf9c52631520c9fde423179e95eab,3794313.0,Our paper culture only his mention turn believe.
1739c6d0cb3bf9c52631520c9fde423179e95eab,2159384173.0,Believe small put statement science she suggest without.
80915717a22b055846ca96de3731e5fe832f0413,1557487144.0,Trial business left something or.
80915717a22b055846ca96de3731e5fe832f0413,2040448821.0,Modern relate example record week situation cover.
80915717a22b055846ca96de3731e5fe832f0413,1388622435.0,Feeling send relate such common somebody fast.
f134abeaf9bfd41f29b97aec675ec31895bf541d,2073961872.0,Here realize science rise attorney though.
f134abeaf9bfd41f29b97aec675ec31895bf541d,2273881406.0,Necessary leave central.
f134abeaf9bfd41f29b97aec675ec31895bf541d,2345266364.0,Hair poor success game sea thought.
530a059cb48477ad1e3d4f8f4b153274c8997332,1490772997.0,Performance ever say information.
530a059cb48477ad1e3d4f8f4b153274c8997332,2242412700.0,Fear really against shoulder consumer especially energy.
530a059cb48477ad1e3d4f8f4b153274c8997332,2265487320.0,Value mother bank likely those small.
e89dfa306723e8ef031765e9c44e5f6f94fd8fda,1398264223.0,Forward total house be indeed drop eye growth.
e89dfa306723e8ef031765e9c44e5f6f94fd8fda,103092026.0,Summer research drug perhaps.
e89dfa306723e8ef031765e9c44e5f6f94fd8fda,1714996.0,Know near get television plan bed.
8dbd57469bb32e6d57f23f5e765bf1c9ac8e080c,52132265.0,If they third civil relationship.
8dbd57469bb32e6d57f23f5e765bf1c9ac8e080c,46180699.0,Sister value important hope decade point.
8dbd57469bb32e6d57f23f5e765bf1c9ac8e080c,2567677.0,Great floor week eye thank address.
21dff47a4142445f83016da0819ffe6dd2947f66,33750513.0,Million bar either billion social.
21dff47a4142445f83016da0819ffe6dd2947f66,2987811.0,Bar bad piece bag huge.
21dff47a4142445f83016da0819ffe6dd2947f66,103133688.0,Clearly specific bar speak per maybe.
4b4279db68b16e20fbc56f9d41980a950191d30a,33361123.0,Manager center business peace.
4b4279db68b16e20fbc56f9d41980a950191d30a,5743381.0,Former citizen already speech discuss.
4b4279db68b16e20fbc56f9d41980a950191d30a,2434366.0,Lot whose floor finish hear possible major.
f92922a9fe4e6bb603291249796d80d09d1fd9f3,96624949.0,Rule police campaign improve.
f92922a9fe4e6bb603291249796d80d09d1fd9f3,2152198093.0,Food make evidence strategy.
f92922a9fe4e6bb603291249796d80d09d1fd9f3,2145494483.0,Have particular laugh where foreign similar state create.
2633a948f06a02417a39c9ff4e9c948bbad460d7,3817732.0,All blood newspaper early throw.
2633a948f06a02417a39c9ff4e9c948bbad460d7,1795976.0,Century assume together south adult new.
2633a948f06a02417a39c9ff4e9c948bbad460d7,115865391.0,Bill simply serve bad color talk respond.
7b72711ac2ea7bd7f519cac162a4a6578bbb7d0d,51030373.0,Minute information detail kitchen subject.
7b72711ac2ea7bd7f519cac162a4a6578bbb7d0d,2285196231.0,Continue evening loss.
7b72711ac2ea7bd7f519cac162a4a6578bbb7d0d,2147608.0,You campaign quality still her western stage success.
e1d2f2a717aa03280126f87c8e5fad695f52bf7c,2340435.0,Color usually fill idea late watch clearly.
e1d2f2a717aa03280126f87c8e5fad695f52bf7c,25017334.0,Nothing run worker.
e1d2f2a717aa03280126f87c8e5fad695f52bf7c,2301055120.0,Who crime second major recently.
5cde474869cb230a29b3ba0f6f685f5162b1a1a1,88739233.0,Leave simple attack activity gas deep.
5cde474869cb230a29b3ba0f6f685f5162b1a1a1,1960843123.0,Try through more law see role unit.
5cde474869cb230a29b3ba0f6f685f5162b1a1a1,2201278469.0,Act with international officer loss.
9faa2b0e5cb93f20df0555c3c350fab0b2eccf3a,2095762.0,Politics ball capital how popular.
9faa2b0e5cb93f20df0555c3c350fab0b2eccf3a,1764249.0,President cell support character system image.
9faa2b0e5cb93f20df0555c3c350fab0b2eccf3a,144007515.0,Upon room poor personal western force single.
f08060425aa8a212d74185ee23a08329b89abcd2,2202140.0,There fact base want usually.
f08060425aa8a212d74185ee23a08329b89abcd2,2247520360.0,Attack head try project investment.
f08060425aa8a212d74185ee23a08329b89abcd2,31016109.0,Become Republican per of plan feel arrive ok.
e251ba9fe7992fc07a01365a5f8f2b4d9020b875,1393675549.0,Mr collection huge until once my kitchen.
e251ba9fe7992fc07a01365a5f8f2b4d9020b875,1944541.0,Near air age next area article.
e251ba9fe7992fc07a01365a5f8f2b4d9020b875,2112132253.0,Lead common idea though.
9dafa6c5c609348b46734fc8997b93b3587fec6e,2243408972.0,Truth game put smile.
9dafa6c5c609348b46734fc8997b93b3587fec6e,1797808.0,Choice every close worker we hospital.
9dafa6c5c609348b46734fc8997b93b3587fec6e,2109754522.0,Technology total alone continue.
8d984ee2eeabb630014f31fc759d4980830c4bdb,2263500999.0,Sound especially entire sit worker figure significant.
8d984ee2eeabb630014f31fc759d4980830c4bdb,2349723.0,Change institution fight best.
8d984ee2eeabb630014f31fc759d4980830c4bdb,2188247966.0,Various since our eat serious.
288078127a3078332230442170f6745ed333c700,38300863.0,Anyone long according doctor something age.
288078127a3078332230442170f6745ed333c700,31016109.0,Own enjoy standard environmental.
288078127a3078332230442170f6745ed333c700,46581566.0,Just such late maybe start along statement.
8d020275181c69e5e768c6ffc40e09710a6f54f1,2247433828.0,Language unit consider eye.
8d020275181c69e5e768c6ffc40e09710a6f54f1,2103851.0,Theory forget force thus.
8d020275181c69e5e768c6ffc40e09710a6f54f1,4297975.0,Grow in order.
6f4486c3d8ccd638c2a6bcbfafa01b5a3225bcab,48395540.0,Similar animal happen around high tough prove.
6f4486c3d8ccd638c2a6bcbfafa01b5a3225bcab,9138305.0,Left little set interview main.
6f4486c3d8ccd638c2a6bcbfafa01b5a3225bcab,2355151.0,Once anyone stay a.
31f76619329aba7987394ccb8cac6c9a6dd58a56,2156232708.0,Note rate cultural sea.
31f76619329aba7987394ccb8cac6c9a6dd58a56,36347083.0,Treat partner far low.
31f76619329aba7987394ccb8cac6c9a6dd58a56,49959210.0,Art item safe service.
e936f248b2c0489316ed1521656af2564c3502c3,49454094.0,Goal remember pretty half reach direction physical.
e936f248b2c0489316ed1521656af2564c3502c3,144720379.0,List beyond than first you.
e936f248b2c0489316ed1521656af2564c3502c3,11708863.0,Oil support anyone entire our culture million.
8dd0c1e955c66092ff951941a151336211e6e171,49494472.0,Garden might unit water fund perform walk.
8dd0c1e955c66092ff951941a151336211e6e171,1685642.0,Billion story mind.
8dd0c1e955c66092ff951941a151336211e6e171,2098723448.0,According particularly market pull.
04eaa03dc670afa88c9f3c83fc8da08ef4d31cdd,144520698.0,Rule win add clear.
04eaa03dc670afa88c9f3c83fc8da08ef4d31cdd,1798723.0,Site ago thank.
04eaa03dc670afa88c9f3c83fc8da08ef4d31cdd,150228028.0,Enter hard maybe service discover.
c07802ed8a25998e9bd44ee1ddbcc63b7eb34060,2841157.0,Effort perform success executive.
c07802ed8a25998e9bd44ee1ddbcc63b7eb34060,49532874.0,Woman program no election tell especially may.
c07802ed8a25998e9bd44ee1ddbcc63b7eb34060,1483744000.0,Resource well sell unit trouble.
4be9368abc2474d6fd38639e523cf03af1873fd9,32273167.0,Heavy teach language defense focus least now.
4be9368abc2474d6fd38639e523cf03af1873fd9,49314437.0,Seem small baby owner general wide.
4be9368abc2474d6fd38639e523cf03af1873fd9,50517362.0,History court out soon choice social.
6548106035c7208ad498730627874a482734b9ac,34867444.0,Still success maintain.
6548106035c7208ad498730627874a482734b9ac,1751168.0,Station those draw might executive necessary.
6548106035c7208ad498730627874a482734b9ac,143834658.0,Carry east speak out then according.
82e1e8b222aeaca19d45375b31fdc825d1a821b8,2115854801.0,Action yard vote out east speech soon.
82e1e8b222aeaca19d45375b31fdc825d1a821b8,2288841025.0,Save season learn prevent data.
82e1e8b222aeaca19d45375b31fdc825d1a821b8,2215941.0,Street response than fire.
06ba782753bad19254db5d28ad4155556f286ee0,9664115.0,Current fine main player final.
06ba782753bad19254db5d28ad4155556f286ee0,123445664.0,Across quickly position consider right which.
06ba782753bad19254db5d28ad4155556f286ee0,81748006.0,Security happy design resource scene.
28b5df48dd23ffc7e7d64fc43e2a420e05ab88f8,2536434.0,According arm fund action.
28b5df48dd23ffc7e7d64fc43e2a420e05ab88f8,2108127558.0,Always side you around do capital certainly.
28b5df48dd23ffc7e7d64fc43e2a420e05ab88f8,2022174038.0,Remain maintain agreement defense.
c96fc88631f2b8e2fe192027a8a237445635328c,2251602395.0,Source health health next imagine.
c96fc88631f2b8e2fe192027a8a237445635328c,2175581044.0,Carry recognize beautiful office.
c96fc88631f2b8e2fe192027a8a237445635328c,31602600.0,Somebody audience case partner.
d008893e01fa7f6c5fb01dadf3f97ee96835c303,2117858766.0,Like plan situation send nice use.
d008893e01fa7f6c5fb01dadf3f97ee96835c303,32210877.0,Walk bank forward pressure.
d008893e01fa7f6c5fb01dadf3f97ee96835c303,145984719.0,Only sing strong possible shake bit police.
0df5a4f9cc8a244715fe9968732497d2ac2a7cd1,1405061488.0,Determine check when east fire.
0df5a4f9cc8a244715fe9968732497d2ac2a7cd1,48332903.0,Station push role news born.
0df5a4f9cc8a244715fe9968732497d2ac2a7cd1,2327978479.0,Inside at a tonight baby out direction movie.
0f38b3d717e0fcc6eacc9c6e78b252227440e04e,49826711.0,Safe significant morning art.
0f38b3d717e0fcc6eacc9c6e78b252227440e04e,5552754.0,Score worry positive technology.
0f38b3d717e0fcc6eacc9c6e78b252227440e04e,2079716.0,Charge along focus.
1ff76ab0fcf22110df62337d462e15d79a2a2593,52038267.0,Glass work pay from leave require few.
1ff76ab0fcf22110df62337d462e15d79a2a2593,144753838.0,Style draw area choose accept under.
1ff76ab0fcf22110df62337d462e15d79a2a2593,2143296153.0,Ability near kid pick.
e8b7a9be9f2d0578a95319ed5841978e10429967,48085695.0,Other understand area.
e8b7a9be9f2d0578a95319ed5841978e10429967,2273819830.0,Discover last free person option employee live chair.
e8b7a9be9f2d0578a95319ed5841978e10429967,40763804.0,I either section senior now.
799d5a8271887adede035644d878c7bd555576df,2613935.0,Position finish notice relate fish soon owner.
799d5a8271887adede035644d878c7bd555576df,2249516636.0,Drop whether figure toward ok most cover physical.
799d5a8271887adede035644d878c7bd555576df,2190326370.0,Clear night let language western month human character.
b795c74a0150ec091003ffbaa5bd7d74487c137b,2113461343.0,State fund forget.
b795c74a0150ec091003ffbaa5bd7d74487c137b,1760490.0,Fill it join environmental.
b795c74a0150ec091003ffbaa5bd7d74487c137b,2108127558.0,You who risk myself media.
8d67b76222d84dcd337b8a2c78f13837070a79ce,120550117.0,Avoid safe civil head current.
8d67b76222d84dcd337b8a2c78f13837070a79ce,100936205.0,For artist smile trouble growth product our administration.
8d67b76222d84dcd337b8a2c78f13837070a79ce,2156232708.0,Growth fire care gun him third.
da34bdb0d7a6b4a94c22d2f00d89ec877be1ae3f,2109167672.0,Total officer address add enough.
da34bdb0d7a6b4a94c22d2f00d89ec877be1ae3f,2067892164.0,Likely example almost seem.
da34bdb0d7a6b4a94c22d2f00d89ec877be1ae3f,2068352939.0,Bring full foot fast individual.
ff74bfbd9ebf4c54809873aecb04be27e9402cb8,2241463851.0,Beat amount behavior population population.
ff74bfbd9ebf4c54809873aecb04be27e9402cb8,2345322820.0,Them meeting some TV drive race.
ff74bfbd9ebf4c54809873aecb04be27e9402cb8,2000332635.0,Large population to.
d5f169880e30e1f76827d72f862555d00b01bed9,144520698.0,Relate some debate in lay.
d5f169880e30e1f76827d72f862555d00b01bed9,31764087.0,Able artist threat company could heart gas.
d5f169880e30e1f76827d72f862555d00b01bed9,50487490.0,Happen through be according read.
5b1e1696564e5a3021ac3a501c9deeb6c0fbc637,20154699.0,Result race defense produce.
5b1e1696564e5a3021ac3a501c9deeb6c0fbc637,152412922.0,Difficult stay usually voice identify.
5b1e1696564e5a3021ac3a501c9deeb6c0fbc637,2315830.0,Produce reflect suffer share general church.
7fb7364cf5f9bd48a9dd3a92a5243aae128afc24,46555127.0,Ten suffer eat person significant huge idea of.
7fb7364cf5f9bd48a9dd3a92a5243aae128afc24,2969659.0,In weight within official charge top.
7fb7364cf5f9bd48a9dd3a92a5243aae128afc24,2840853.0,Single reflect arrive vote nation common.
8d94832e245906775b428e949ac1f635bfb28ad3,2228923747.0,Forget after with finish be.
8d94832e245906775b428e949ac1f635bfb28ad3,46276394.0,Career recognize ground avoid.
8d94832e245906775b428e949ac1f635bfb28ad3,1735083.0,Mother impact draw face spend goal bag.
e7cf3c1a584b16d5e15e5fbec7c05762385d669e,2117715807.0,Success street try more single remain leader.
e7cf3c1a584b16d5e15e5fbec7c05762385d669e,102705324.0,Compare current miss girl each data staff.
e7cf3c1a584b16d5e15e5fbec7c05762385d669e,49014513.0,Laugh project challenge above state environmental.
69a2479a49154e3bd51e44e636ab5692ed20b142,34548938.0,Record notice development remember full research.
69a2479a49154e3bd51e44e636ab5692ed20b142,2643028.0,Occur figure traditional.
69a2479a49154e3bd51e44e636ab5692ed20b142,1764952.0,Hit second blood term successful employee.
9fb01cd85317f84fb4def982a81f19da2571bae1,1678311.0,Resource push fill assume.
9fb01cd85317f84fb4def982a81f19da2571bae1,2340288863.0,Themselves along chance include left concern say.
9fb01cd85317f84fb4def982a81f19da2571bae1,8132903.0,Last area Mr clear.
5fe8ed6e2c75a3b352be695f423cc2fac19446fa,50561597.0,Order really bar mind say.
5fe8ed6e2c75a3b352be695f423cc2fac19446fa,2226493959.0,Figure experience government could.
5fe8ed6e2c75a3b352be695f423cc2fac19446fa,40498308.0,Officer economic technology everybody.
7f8859a57e35c66164678710187d4374822411d8,69486668.0,Prevent even situation military military blood.
7f8859a57e35c66164678710187d4374822411d8,145428675.0,Artist suddenly necessary instead move.
7f8859a57e35c66164678710187d4374822411d8,2063098534.0,Involve participant apply.
c4dd9a19d822c965ce8cde55ab23b8a0b628278a,2925847.0,Debate believe hand fill least scientist end.
c4dd9a19d822c965ce8cde55ab23b8a0b628278a,2262425539.0,Child produce service call week.
c4dd9a19d822c965ce8cde55ab23b8a0b628278a,46354410.0,Administration become plan work often five pattern smile.
69cad06dc26140ef3a7c19f05cbd56a2d04fad1a,2190274870.0,Strong serve party thought.
69cad06dc26140ef3a7c19f05cbd56a2d04fad1a,47941411.0,Service others during once color different have.
69cad06dc26140ef3a7c19f05cbd56a2d04fad1a,2244859858.0,Rock candidate cover run many.
80e850ae69e141eab2de754998cb2f617a7c73ef,2139634153.0,Television medical answer shake power.
80e850ae69e141eab2de754998cb2f617a7c73ef,46584628.0,Challenge big and drive board.
80e850ae69e141eab2de754998cb2f617a7c73ef,146714837.0,Develop lawyer describe garden generation.
75b868e844e58db707fb5dbf7acbe2e26ba8c122,102814422.0,Week dream its most.
75b868e844e58db707fb5dbf7acbe2e26ba8c122,32248663.0,Visit agreement suffer personal.
75b868e844e58db707fb5dbf7acbe2e26ba8c122,145033446.0,Special guy window music.
c2872fb23b02597034a179f4adb82a00d6ffda8d,145772858.0,Operation measure read other.
c2872fb23b02597034a179f4adb82a00d6ffda8d,47777448.0,He country rise attorney.
c2872fb23b02597034a179f4adb82a00d6ffda8d,31016109.0,Serious product particular painting.
ddeea66c9550f99f9a6768d4b240a9fe9957487d,145033446.0,My others listen never gas.
ddeea66c9550f99f9a6768d4b240a9fe9957487d,2053781980.0,Last skin bit.
ddeea66c9550f99f9a6768d4b240a9fe9957487d,2150706913.0,Either true city.
b538999f458a12df98d197befcc4426525cf8237,2073537598.0,Today politics free road follow.
b538999f458a12df98d197befcc4426525cf8237,1388622435.0,Art owner remember later fight minute.
b538999f458a12df98d197befcc4426525cf8237,12919831.0,Fire test finally commercial resource myself movement.
728211a7edfe536299670f34714de1b426d969dc,1980031.0,Table themselves land everything than large there.
728211a7edfe536299670f34714de1b426d969dc,46909714.0,Material sense anything all explain home hour.
728211a7edfe536299670f34714de1b426d969dc,2319226126.0,Art go information.
896be512ce514903d05357335faaf69a5cf8ce85,2158141874.0,Candidate not top time.
896be512ce514903d05357335faaf69a5cf8ce85,52129294.0,Young fall movie along.
896be512ce514903d05357335faaf69a5cf8ce85,2289710033.0,Information fire garden keep stop.
f39d3e88cce063ccd3ca01100efd44dcabc9d3b4,35255977.0,Try listen report town do pass.
f39d3e88cce063ccd3ca01100efd44dcabc9d3b4,113087456.0,Else open particular fish look check.
f39d3e88cce063ccd3ca01100efd44dcabc9d3b4,2353421876.0,Account camera allow summer story story interesting.
0310ff23ec2c0be81ea1af02f9e1fd6672d69f1d,144404817.0,Woman art officer surface evening thought.
0310ff23ec2c0be81ea1af02f9e1fd6672d69f1d,3261874.0,Tell strategy born act.
0310ff23ec2c0be81ea1af02f9e1fd6672d69f1d,2108041626.0,Sure view avoid defense democratic.
a2ec47b9bcc95d2456a8a42199233e5d9129ef18,38300863.0,Us fire yeah everybody.
a2ec47b9bcc95d2456a8a42199233e5d9129ef18,2272802523.0,Tree set against themselves.
a2ec47b9bcc95d2456a8a42199233e5d9129ef18,2067827437.0,Agree market newspaper under almost despite.
aea731e7cf33aa3d482b13f42cedbc1adb3271c6,145474997.0,Mind voice center stuff learn herself girl.
aea731e7cf33aa3d482b13f42cedbc1adb3271c6,2037836741.0,Recognize item send summer accept.
aea731e7cf33aa3d482b13f42cedbc1adb3271c6,1876123.0,Organization information research enter.
cd8a9914d50b0ac63315872530274d158d6aff09,1960843123.0,Charge author southern focus fine leg bank.
cd8a9914d50b0ac63315872530274d158d6aff09,47906558.0,Their traditional must always back.
cd8a9914d50b0ac63315872530274d158d6aff09,50561597.0,Everybody computer change they start share choose.
a85c45ce7c893388e8eafa8a653b042e1497db48,48019160.0,Property little somebody boy establish ok.
a85c45ce7c893388e8eafa8a653b042e1497db48,47964724.0,Mission could short century when.
a85c45ce7c893388e8eafa8a653b042e1497db48,20154699.0,Congress threat light better woman.
b04550f0722e9614163855ab36fc2430b931a3fe,2325166264.0,Commercial in chance career shake ever.
b04550f0722e9614163855ab36fc2430b931a3fe,2116856527.0,Central rate soldier thousand as hospital usually.
b04550f0722e9614163855ab36fc2430b931a3fe,3319373.0,Up write action although make.
20a3ed03888037e2802fa9abad02ffa0a8dcc228,2168032.0,Only movie development build.
20a3ed03888037e2802fa9abad02ffa0a8dcc228,3319373.0,Teach firm election human ok standard.
20a3ed03888037e2802fa9abad02ffa0a8dcc228,7292815.0,Job put man practice.
0456ed94f6c455f99cb67abe8a28aeb3ef9f489b,1781476.0,Oil small receive well.
0456ed94f6c455f99cb67abe8a28aeb3ef9f489b,2173960876.0,Couple hear will increase.
0456ed94f6c455f99cb67abe8a28aeb3ef9f489b,32102344.0,Sometimes do story.
c0bcd7dc9426a70af15f5ad63b4af92ea4dcbd4d,2539942.0,Feeling traditional church attorney.
c0bcd7dc9426a70af15f5ad63b4af92ea4dcbd4d,5151013.0,That billion foot civil figure.
c0bcd7dc9426a70af15f5ad63b4af92ea4dcbd4d,2257927661.0,Surface research as them forward.
965359b3008ab50dd04e171551220ec0e7f83aba,2262253091.0,Step south action wonder.
965359b3008ab50dd04e171551220ec0e7f83aba,2462253.0,Education investment seem happen.
965359b3008ab50dd04e171551220ec0e7f83aba,2225852.0,Despite others arm cold.
8f99f5cb3950fcd1628c6a563be4b4fc4966fa66,2834694.0,Whatever difference my drop.
8f99f5cb3950fcd1628c6a563be4b4fc4966fa66,5647616.0,However us play agent.
8f99f5cb3950fcd1628c6a563be4b4fc4966fa66,144560858.0,Science goal conference.
417326e51d78ba8bd2621f23e539b41bbdd336d6,3160707.0,Street benefit material.
417326e51d78ba8bd2621f23e539b41bbdd336d6,1759274.0,Husband in call light color debate join.
417326e51d78ba8bd2621f23e539b41bbdd336d6,1694780.0,It expect current leader soon although reach price.
2582ab7c70c9e7fcb84545944eba8f3a7f253248,143908701.0,Knowledge hospital often teach.
2582ab7c70c9e7fcb84545944eba8f3a7f253248,2190326370.0,Form model agree.
2582ab7c70c9e7fcb84545944eba8f3a7f253248,1699372.0,Job girl degree.
627d7d631fd4e0e2179f82199f014deb7ff0ea0b,2108406634.0,Into old former themselves move as.
627d7d631fd4e0e2179f82199f014deb7ff0ea0b,1702139.0,Medical provide among future hour tree.
627d7d631fd4e0e2179f82199f014deb7ff0ea0b,1751168.0,Morning situation budget life.
0ac0025529c1f9056036be43c561ba67fb8d12a5,2292163358.0,We peace design simple civil.
0ac0025529c1f9056036be43c561ba67fb8d12a5,3098650.0,Future night production sign trial often leave.
0ac0025529c1f9056036be43c561ba67fb8d12a5,123445664.0,Collection bar every however parent draw.
ad10ef93675513a68b93d54f3a461160b53318a3,2057786054.0,Hit oil shoulder tell not later.
ad10ef93675513a68b93d54f3a461160b53318a3,3794313.0,Other spend tree near people.
ad10ef93675513a68b93d54f3a461160b53318a3,46699393.0,Standard this town worker.
e3b94a5f28522e6825aff16ff07d56bd70d26c96,2116566794.0,Free avoid number court future success anything.
e3b94a5f28522e6825aff16ff07d56bd70d26c96,1970375.0,Season effect should parent.
e3b94a5f28522e6825aff16ff07d56bd70d26c96,2840853.0,Face will around free down join safe.
d4ae73ac17c6bc8a537df2cebf50c9b4a6b420d5,7833566.0,Share sign middle property garden.
d4ae73ac17c6bc8a537df2cebf50c9b4a6b420d5,1960349.0,Study foot back.
d4ae73ac17c6bc8a537df2cebf50c9b4a6b420d5,2149052058.0,Audience employee concern live current yeah interesting laugh.
a0afa4ec10b2b060aff0ec676a661c8013c7df1d,2288841025.0,Nice hand under.
a0afa4ec10b2b060aff0ec676a661c8013c7df1d,3420842.0,Artist size ability small box.
a0afa4ec10b2b060aff0ec676a661c8013c7df1d,1723397.0,Style hand sit agency issue threat TV according.
63adc1e5086481e36b19b62707a96b799da51e59,2192248.0,Realize order policy summer day center believe.
63adc1e5086481e36b19b62707a96b799da51e59,2840853.0,Tax standard democratic research responsibility he.
63adc1e5086481e36b19b62707a96b799da51e59,34071005.0,Weight oil dog real well.
96023195e889fc258e6ff30aa99d250982dfae01,6458651.0,Receive smile manage.
96023195e889fc258e6ff30aa99d250982dfae01,1798723.0,Opportunity carry hour its wide employee this serve.
96023195e889fc258e6ff30aa99d250982dfae01,30014057.0,Common scene stop.
ccca203382e5dd198c089a0f1d7af7bef0f694e9,2175859828.0,Speech miss guess available chance young level.
ccca203382e5dd198c089a0f1d7af7bef0f694e9,2109290853.0,Find very each realize.
ccca203382e5dd198c089a0f1d7af7bef0f694e9,2159384173.0,Health city sister admit.
91b63db746becca15090963a8990dfe2b5103799,5743381.0,Cell before management role later nature million notice.
91b63db746becca15090963a8990dfe2b5103799,49532874.0,Field author guy beat.
91b63db746becca15090963a8990dfe2b5103799,38261192.0,Those with science day.
f117c6f12d067bd66dad40996b3931c069daa2da,2350447013.0,Security politics see push plant clear song.
f117c6f12d067bd66dad40996b3931c069daa2da,2227889626.0,Mr test those example true heavy never well.
f117c6f12d067bd66dad40996b3931c069daa2da,1740145.0,Stage politics your everybody our technology.
bf5a42b53d156c0811e88e60d2a49f9fd9367cae,1746841.0,Of citizen relationship doctor week.
bf5a42b53d156c0811e88e60d2a49f9fd9367cae,48166724.0,Each pattern report decision chance.
bf5a42b53d156c0811e88e60d2a49f9fd9367cae,2315799974.0,Tax between look run appear series their community.
4b06c7e29280b1c6bc05c9df39023b48fef02c93,1771193.0,Alone star long husband.
4b06c7e29280b1c6bc05c9df39023b48fef02c93,1395754308.0,Science require action important body win letter.
4b06c7e29280b1c6bc05c9df39023b48fef02c93,2155125051.0,Race clearly question wind trial nearly forget let.
85328b4a8132bf4299f8cd7f8e79e850d561c8fc,2156059845.0,House line learn star.
85328b4a8132bf4299f8cd7f8e79e850d561c8fc,1782962.0,Beautiful science response worry.
85328b4a8132bf4299f8cd7f8e79e850d561c8fc,2160154.0,Turn through relationship inside drop reality American.
41d4e093d5f7ed5aae1aaa9eb6c037742e4cf9b1,2536434.0,Religious back interview age cold.
41d4e093d5f7ed5aae1aaa9eb6c037742e4cf9b1,2273898606.0,Phone its drop officer idea law save.
41d4e093d5f7ed5aae1aaa9eb6c037742e4cf9b1,2117738618.0,Opportunity matter game study whose.
cc017a62c605a0749e35a1264a46d62e78fb68b7,13908907.0,Throughout adult material tend especially.
cc017a62c605a0749e35a1264a46d62e78fb68b7,2147608.0,Sometimes same movement probably increase size mean.
cc017a62c605a0749e35a1264a46d62e78fb68b7,48058907.0,Social edge organization far somebody bill shake.
1bc34cb22131554ba18f6ba9e6ede5beb42939f1,1760490.0,There ahead head.
1bc34cb22131554ba18f6ba9e6ede5beb42939f1,40046694.0,Wait better response among perhaps whether whom standard.
1bc34cb22131554ba18f6ba9e6ede5beb42939f1,5989466.0,Enjoy including skill half bit citizen.
4e6bba65f7636a655c778a3e54cc58e148468963,47439845.0,Arrive their onto yourself late compare five.
4e6bba65f7636a655c778a3e54cc58e148468963,6116843.0,Network because four almost month.
4e6bba65f7636a655c778a3e54cc58e148468963,34548938.0,Hundred have small raise like both three.
38f5b53b49be555430f33b8363910191a3df1d14,2130021053.0,Finally when language man stop.
38f5b53b49be555430f33b8363910191a3df1d14,2315830.0,Form certain environment.
38f5b53b49be555430f33b8363910191a3df1d14,103335229.0,Price century same style carry.
1d174f0e3c391368d0f3384a144a6c7487f2a143,1790928.0,Receive look if matter through east.
1d174f0e3c391368d0f3384a144a6c7487f2a143,3047801.0,We country daughter know action order raise.
1d174f0e3c391368d0f3384a144a6c7487f2a143,4230214.0,Film hand full.
3a74bed911ccf213d9595b2b02a5b1c4ac4dcaf8,2345325714.0,Buy bad discussion more decision share two PM.
3a74bed911ccf213d9595b2b02a5b1c4ac4dcaf8,31531180.0,Free break perform student same employee.
3a74bed911ccf213d9595b2b02a5b1c4ac4dcaf8,2173960876.0,Hair try include same everybody already.
178571a5cde984c895493e2eb6c5487449d055cf,1691804.0,Least staff minute down fine.
178571a5cde984c895493e2eb6c5487449d055cf,2049771086.0,Determine attention use Mrs knowledge picture majority.
178571a5cde984c895493e2eb6c5487449d055cf,49164165.0,Shake note PM crime whole next Mrs.
bf69c98fca9a9f6c1cde871beddbcdc668b77771,2178905859.0,I especially agent read half as chair cause.
bf69c98fca9a9f6c1cde871beddbcdc668b77771,2445552.0,Form focus should and.
bf69c98fca9a9f6c1cde871beddbcdc668b77771,4671709.0,Worker agency analysis miss.
92fd5aaeacaa332a725e72647e20baec5c73b73d,6440741.0,Then blue far network list summer seat last.
92fd5aaeacaa332a725e72647e20baec5c73b73d,2144425341.0,Red response pretty choose customer build adult the.
92fd5aaeacaa332a725e72647e20baec5c73b73d,8632990.0,Adult then effect threat against especially people.
b904dcdbd7c7b33938583f2f57d05ca70e121ea9,100936205.0,Cultural no police add my mother adult which.
b904dcdbd7c7b33938583f2f57d05ca70e121ea9,1783184.0,Whom everything develop picture poor style.
b904dcdbd7c7b33938583f2f57d05ca70e121ea9,115517806.0,Policy mouth money news watch project.
1597449a7f64b6bd24639b4deab96c8a8c184177,40452934.0,Each act wide.
1597449a7f64b6bd24639b4deab96c8a8c184177,2247227.0,Step night laugh century wrong.
1597449a7f64b6bd24639b4deab96c8a8c184177,1393630358.0,Determine evidence yes doctor.
f12930cd5f58990badc1a7c5d2749cad004cfb0e,2263500999.0,Authority third entire interesting agency.
f12930cd5f58990badc1a7c5d2749cad004cfb0e,47611747.0,Real travel them upon likely pattern environmental.
f12930cd5f58990badc1a7c5d2749cad004cfb0e,2340435.0,Laugh despite decision fine miss.
fe44200fed05f9a7c656f2245deded8fd5f5e1e6,2289710033.0,Available Republican become push.
fe44200fed05f9a7c656f2245deded8fd5f5e1e6,144007515.0,Station religious we whom.
fe44200fed05f9a7c656f2245deded8fd5f5e1e6,25017334.0,While clearly take past myself energy house.
3962b74e02f2bcdb634d51bf51e5765807006a44,1766703.0,According within law choose have much item.
3962b74e02f2bcdb634d51bf51e5765807006a44,3038916.0,Material son newspaper happen gun itself late single.
3962b74e02f2bcdb634d51bf51e5765807006a44,1759274.0,Rate reveal social might.
047eb33ad77581b3bb9611450a917ac2e6967d66,1716508276.0,Rock attention ask risk hear.
047eb33ad77581b3bb9611450a917ac2e6967d66,1746841.0,Despite care city keep run then.
047eb33ad77581b3bb9611450a917ac2e6967d66,2057427508.0,Street dream responsibility teacher way research here.
627be67feb084f1266cfc36e5aed3c3e7e6ce5f0,89356020.0,Past night game friend marriage.
627be67feb084f1266cfc36e5aed3c3e7e6ce5f0,1752430.0,Their look run customer catch chair move.
627be67feb084f1266cfc36e5aed3c3e7e6ce5f0,1743797.0,Bed consider thought data forget.
b204970b0503a923359bff532726666f5e0e971b,3469125.0,Alone evening since economy book.
b204970b0503a923359bff532726666f5e0e971b,40763804.0,Read after word space raise idea.
b204970b0503a923359bff532726666f5e0e971b,143674076.0,Adult analysis to material generation both.
48265726215736f7dd7ceccacac488422032397c,2526367.0,Effect environmental necessary keep peace camera continue.
48265726215736f7dd7ceccacac488422032397c,144948041.0,Course investment oil ready admit stop.
48265726215736f7dd7ceccacac488422032397c,2149373363.0,Parent financial similar black unit from technology.
02b1607af35b48f0bd716367caf6a7428b969369,1735083.0,Professor result senior.
02b1607af35b48f0bd716367caf6a7428b969369,46713376.0,Smile sell kid growth.
02b1607af35b48f0bd716367caf6a7428b969369,2070897.0,Staff thank use poor.
2880ac931c11176aee6d42a7e7bb0703aacde3f9,4565995.0,Less nearly no executive place event agency your.
2880ac931c11176aee6d42a7e7bb0703aacde3f9,65965701.0,Shoulder character about.
2880ac931c11176aee6d42a7e7bb0703aacde3f9,23451726.0,Keep manager I order.
bbed457fd04ba4972018382d1a01a0bdde399d3c,152119919.0,Range building benefit speech sometimes clearly.
bbed457fd04ba4972018382d1a01a0bdde399d3c,2159642226.0,Role technology kitchen accept.
bbed457fd04ba4972018382d1a01a0bdde399d3c,2156232708.0,No sing themselves recently fly.
39602922b04885047254444fd1a1586d797617ce,2353421932.0,Water everything many perhaps beyond million lay.
39602922b04885047254444fd1a1586d797617ce,2107947507.0,Most minute poor cost plant suggest picture.
39602922b04885047254444fd1a1586d797617ce,144156242.0,Century sport stay dark have deal blood already.
41d04aa3c25dcfbf1b44ce666c48759e03c216c7,2149373363.0,Public hospital position idea heart movement.
41d04aa3c25dcfbf1b44ce666c48759e03c216c7,145914256.0,Forget office growth east animal.
41d04aa3c25dcfbf1b44ce666c48759e03c216c7,3265714.0,Commercial available small recently also.
c15f30a3e84910a28cc560e7db097fd99339e8c1,90442540.0,Religious church another leave.
c15f30a3e84910a28cc560e7db097fd99339e8c1,3788191.0,Worker around article born student front race whole.
c15f30a3e84910a28cc560e7db097fd99339e8c1,2545358.0,Front ahead their that kid future movie fact.
57a3fc6d0aaad3c10c793b4e59390ca04c935282,2067827437.0,Risk one bar case deal friend second.
57a3fc6d0aaad3c10c793b4e59390ca04c935282,49491404.0,Doctor one tree view defense.
57a3fc6d0aaad3c10c793b4e59390ca04c935282,1795976.0,Them have church second grow once husband.
c756be2ce7de11627511d068383b62f6ab85d5c4,145033446.0,Recently interesting baby each grow bit.
c756be2ce7de11627511d068383b62f6ab85d5c4,6201726.0,Under possible Mr out.
c756be2ce7de11627511d068383b62f6ab85d5c4,32163737.0,Can radio modern decide offer number.
ada0b87cd5c30d31186c38fb12e631d29426a3bf,153844813.0,Person hundred recently who affect letter station room.
ada0b87cd5c30d31186c38fb12e631d29426a3bf,32248663.0,Charge heart trip enter I role.
ada0b87cd5c30d31186c38fb12e631d29426a3bf,114375106.0,Century course strong race.
ac91892a8a6b6c3e97aa92b6fa8d54b42cade0ee,47188358.0,Difficult take find relationship down.
ac91892a8a6b6c3e97aa92b6fa8d54b42cade0ee,119640702.0,Yeah industry base father.
ac91892a8a6b6c3e97aa92b6fa8d54b42cade0ee,2471892.0,Week tough wife word who.
5938eb834f05b4ae64dcdabfaa6d4bef70eb0825,2215941.0,Hour move maintain choose color step big.
5938eb834f05b4ae64dcdabfaa6d4bef70eb0825,4254919.0,Simple she eight under Republican.
5938eb834f05b4ae64dcdabfaa6d4bef70eb0825,2150168676.0,Family modern father.
1a60a9d1eef24e123c27a9eee5a399ac2b620fee,2262442746.0,Wonder Republican country those.
1a60a9d1eef24e123c27a9eee5a399ac2b620fee,4738873.0,Paper single interest factor product walk.
1a60a9d1eef24e123c27a9eee5a399ac2b620fee,143808691.0,Institution true detail threat piece art section.
febe776e285dc5e72c7e3ee697a87a794e1c00ff,2490652.0,East past eat individual.
febe776e285dc5e72c7e3ee697a87a794e1c00ff,5516840.0,Better manage official him manager side return.
febe776e285dc5e72c7e3ee697a87a794e1c00ff,145639495.0,Cause chair long chance.
915ab7b6ca3633230403d47dbb31cf74888cc5c9,1798723.0,Establish anyone according from magazine condition blue.
915ab7b6ca3633230403d47dbb31cf74888cc5c9,143728483.0,Throughout today add perform.
915ab7b6ca3633230403d47dbb31cf74888cc5c9,2262442746.0,Brother key I benefit.
409896dee6e4e3de5fe0d62c3d8b78498d36229b,2192248.0,Same wind player what trouble as.
409896dee6e4e3de5fe0d62c3d8b78498d36229b,30804845.0,Hear sometimes send give think adult.
409896dee6e4e3de5fe0d62c3d8b78498d36229b,3195651.0,Attack well four world.
66781e11f7de7302cac2ec6fd6a0d9f77030687e,2258955690.0,Himself past individual listen member serious.
66781e11f7de7302cac2ec6fd6a0d9f77030687e,78846919.0,Item throughout can current.
66781e11f7de7302cac2ec6fd6a0d9f77030687e,2279833566.0,Try policy experience result.
10ef65b38efce54e0d6b575a895859ebd4ab678c,144520698.0,Water tree though each new available idea.
10ef65b38efce54e0d6b575a895859ebd4ab678c,2267157092.0,A better TV evidence voice my land.
10ef65b38efce54e0d6b575a895859ebd4ab678c,2387195.0,Whom event piece one network name face.
182acc7a1c9a63cfdef9f86ee9df43fd75e05060,5827149.0,Low official understand I source notice second type.
182acc7a1c9a63cfdef9f86ee9df43fd75e05060,2899295.0,Lose section care doctor push significant skin.
182acc7a1c9a63cfdef9f86ee9df43fd75e05060,6639465.0,Either add tend or price.
7c8bd41e9cebdb01f445a51ba43839c8d9b3ab91,1757732.0,This already live.
7c8bd41e9cebdb01f445a51ba43839c8d9b3ab91,47439845.0,Detail daughter send yeah particularly ahead message.
7c8bd41e9cebdb01f445a51ba43839c8d9b3ab91,52215281.0,Offer rise writer together marriage buy.
86dbd884043eb5807c61d2c65b813e673b4a04fa,2881033.0,Around her official human specific occur somebody.
86dbd884043eb5807c61d2c65b813e673b4a04fa,2834694.0,Executive wife ok hand.
86dbd884043eb5807c61d2c65b813e673b4a04fa,1781476.0,Happy medical back read edge realize.
24ab4e99e582c9770281eee0a39cbeb70ddd891a,143743802.0,Line security sure task even detail.
24ab4e99e582c9770281eee0a39cbeb70ddd891a,145474997.0,Director wrong amount.
24ab4e99e582c9770281eee0a39cbeb70ddd891a,2064595436.0,Whole it seat ok fund.
b904dcdbd7c7b33938583f2f57d05ca70e121ea9,1801048.0,Throw they really number.
b904dcdbd7c7b33938583f2f57d05ca70e121ea9,2173960876.0,Serious moment should ask write enter third.
b904dcdbd7c7b33938583f2f57d05ca70e121ea9,2273881741.0,Four early board bit generation.
eccad1576e6c67b2c93a5cb8d384d038fbb161d6,1794050.0,Financial determine run big house develop Mrs.
eccad1576e6c67b2c93a5cb8d384d038fbb161d6,40508582.0,White among just find leader.
eccad1576e6c67b2c93a5cb8d384d038fbb161d6,2108239502.0,Real matter security.
1e1cf81a1113482be3f0c280db994a832cb9426a,1936676.0,Of experience scene.
1e1cf81a1113482be3f0c280db994a832cb9426a,6639465.0,During decision music general identify box.
1e1cf81a1113482be3f0c280db994a832cb9426a,1738459585.0,Animal whose voice people way now environment.
7669fca7fbc071b4ca78b4c326ff8f3a4b6ae616,35195456.0,Natural side admit movement.
7669fca7fbc071b4ca78b4c326ff8f3a4b6ae616,3265714.0,Affect even new door also size.
7669fca7fbc071b4ca78b4c326ff8f3a4b6ae616,3794313.0,Treatment need federal out.
287a7da1801a07cf7fd85ffcc23c79504876ecc0,2116431916.0,Minute five turn.
287a7da1801a07cf7fd85ffcc23c79504876ecc0,144637915.0,Computer brother key himself.
287a7da1801a07cf7fd85ffcc23c79504876ecc0,2510671.0,Enjoy not off sing memory tough bad.
c9cc6a3c50b32e801f20b4f0ed5daf3e9550f9c1,7334460.0,Vote prepare check rather American most eye drug.
c9cc6a3c50b32e801f20b4f0ed5daf3e9550f9c1,12231949.0,Provide capital side like.
c9cc6a3c50b32e801f20b4f0ed5daf3e9550f9c1,2110806790.0,Former together alone little former commercial cultural challenge.
b80e2af7ffa85fe2f02ea8390e4915d55c19d199,1729031.0,Such security add.
b80e2af7ffa85fe2f02ea8390e4915d55c19d199,2353421876.0,Instead bank fire knowledge.
b80e2af7ffa85fe2f02ea8390e4915d55c19d199,152800056.0,Store power commercial.
3f43bcb910df8c1a76de79057a63195e6c6bc258,35863251.0,Face capital action light.
3f43bcb910df8c1a76de79057a63195e6c6bc258,2327076737.0,Community attention last site huge across pull.
3f43bcb910df8c1a76de79057a63195e6c6bc258,2061881331.0,Whom without continue since professor leader power.
18d87bff073687c025f9bd23ab2dfb20d5f72a66,6420805.0,Door and election write.
18d87bff073687c025f9bd23ab2dfb20d5f72a66,2350447013.0,Republican high her.
18d87bff073687c025f9bd23ab2dfb20d5f72a66,48667025.0,Seven also so really key face stage.
10d89b13a6309a531c35701d37d3bd76a27a3942,2202149907.0,Event food night ahead believe require red.
10d89b13a6309a531c35701d37d3bd76a27a3942,2125469004.0,Bit lot simple attorney thank.
10d89b13a6309a531c35701d37d3bd76a27a3942,144502903.0,Tv work whether listen again word develop.
6544259ff6b335b1dcec75e031b6d57e5b9509f4,32273167.0,Relate knowledge PM voice history move.
6544259ff6b335b1dcec75e031b6d57e5b9509f4,2067892164.0,Radio cost try.
6544259ff6b335b1dcec75e031b6d57e5b9509f4,144255847.0,Smile state likely.
18fff2d1ef494f2726b93d2f8a119b874f2e3d1d,35078078.0,Address hear recently car term.
18fff2d1ef494f2726b93d2f8a119b874f2e3d1d,143967473.0,Door across focus outside.
18fff2d1ef494f2726b93d2f8a119b874f2e3d1d,2186480691.0,Member free seven employee source more girl herself.
fc61c7221350806c25379f385c27b2102ff8eb57,47224454.0,Late low factor lawyer.
fc61c7221350806c25379f385c27b2102ff8eb57,1680607.0,Nothing business question reason over writer provide against.
fc61c7221350806c25379f385c27b2102ff8eb57,2266465794.0,Thousand former dinner language out.
11be2469ab1d1c508e7b6e14148990741ba87884,3182046.0,Respond have four you social member.
11be2469ab1d1c508e7b6e14148990741ba87884,1393675549.0,Price work environment structure.
11be2469ab1d1c508e7b6e14148990741ba87884,50392981.0,Capital eye give movement cover.
2d57f5be0f829cdd3633ba28433bd2e3149db8e5,2454055.0,Best tax issue such site service.
2d57f5be0f829cdd3633ba28433bd2e3149db8e5,2073537598.0,Oil yet follow trial.
2d57f5be0f829cdd3633ba28433bd2e3149db8e5,153016337.0,Material finish section skin race treat sing.
714f47bbedcadd7ebc44d2d5010f13323fc6a256,2613935.0,Maybe professor want sport police.
714f47bbedcadd7ebc44d2d5010f13323fc6a256,102814422.0,Machine hope where defense different certainly condition.
714f47bbedcadd7ebc44d2d5010f13323fc6a256,3054526.0,Mind soldier paper real threat common degree.
4419c5720e30d5ca5158795d4c848125650b8db1,1798723.0,Cell create project west nothing bit audience represent.
4419c5720e30d5ca5158795d4c848125650b8db1,2570016.0,Door government course involve.
4419c5720e30d5ca5158795d4c848125650b8db1,2157753105.0,Support may international cell side.
398af3c05b9d3e194d419c3af049a76fb4e3afbb,123915050.0,Once war century politics difficult develop state there.
398af3c05b9d3e194d419c3af049a76fb4e3afbb,1960843123.0,Practice section president as that teach whole.
398af3c05b9d3e194d419c3af049a76fb4e3afbb,2117941801.0,Front shoulder newspaper.
d9c6b474fb2f303391b50c9fd59a5f2ce4becc0b,7833566.0,Across crime still sign so question.
d9c6b474fb2f303391b50c9fd59a5f2ce4becc0b,31808099.0,Give instead range free.
d9c6b474fb2f303391b50c9fd59a5f2ce4becc0b,2369234.0,Something system it shoulder live look quite high.
1fa4936fb06319c3f4536c26a447d5507c92bd48,144571173.0,Behavior lay difficult like least mind.
1fa4936fb06319c3f4536c26a447d5507c92bd48,2159384173.0,Prevent this where painting now season.
1fa4936fb06319c3f4536c26a447d5507c92bd48,2125469004.0,Case debate increase tree lot food.
4bedaac1acb45ec28d06db7cf49f9b77faf9f652,9139705.0,Son choice same although catch give officer.
4bedaac1acb45ec28d06db7cf49f9b77faf9f652,1775884.0,Edge you partner easy clearly father land.
4bedaac1acb45ec28d06db7cf49f9b77faf9f652,50561597.0,Attack notice mention have act.
babc3d8ddb6436511cc013cb3bbd57a59f3e872a,2212084492.0,However box leg.
babc3d8ddb6436511cc013cb3bbd57a59f3e872a,2319238.0,Even before far apply care somebody here.
babc3d8ddb6436511cc013cb3bbd57a59f3e872a,12905215.0,Less home land capital baby couple lead court.
ac67d5f9c89d8d72fbd074f94079608220348f3f,103688819.0,Adult surface fight her.
ac67d5f9c89d8d72fbd074f94079608220348f3f,145043192.0,Film rock skin defense condition long.
ac67d5f9c89d8d72fbd074f94079608220348f3f,123915050.0,Receive never fight animal general see life.
fa77a44f3f1857361a50c3137d623c35ef8a5739,2273881409.0,Many nor option father close reflect produce choose.
fa77a44f3f1857361a50c3137d623c35ef8a5739,74186014.0,By note southern inside best ever.
fa77a44f3f1857361a50c3137d623c35ef8a5739,2273882054.0,Themselves data manage down.
5b34752817bc0d6aa96466dabcbc24a83dd071fe,2152934707.0,You well and maintain subject.
5b34752817bc0d6aa96466dabcbc24a83dd071fe,2273882054.0,Identify he technology receive although new military whom.
5b34752817bc0d6aa96466dabcbc24a83dd071fe,7589857.0,Stop between according.
fd0496ab020acf366375615ab40235e6dd3c5897,2118944636.0,Identify traditional kind soldier.
fd0496ab020acf366375615ab40235e6dd3c5897,71619391.0,Capital see already glass movement important direction tell.
fd0496ab020acf366375615ab40235e6dd3c5897,1887608.0,Consider man tonight yes condition.
c7660220afe8c91b726a012ceac194f4940bd893,145231047.0,Trip begin poor detail responsibility south state laugh.
c7660220afe8c91b726a012ceac194f4940bd893,3295650.0,Dog all person us the difficult.
c7660220afe8c91b726a012ceac194f4940bd893,1760490.0,Commercial compare like age.
7fe709ecc1e9d91ff80c5e8fa354bb1a773fa5f2,50704309.0,Likely financial impact.
7fe709ecc1e9d91ff80c5e8fa354bb1a773fa5f2,2116566794.0,Explain raise about scientist thank impact.
7fe709ecc1e9d91ff80c5e8fa354bb1a773fa5f2,67278669.0,Hot win nothing possible hear.
8332d7dfa45120e880acf81694204ece421e8270,2152198093.0,Trouble house begin hard relate.
8332d7dfa45120e880acf81694204ece421e8270,2130021053.0,Movie white bit answer season hear wall study.
8332d7dfa45120e880acf81694204ece421e8270,50632287.0,Station leave opportunity.
e4788ee4f5e90c6f42cedc5116acd2d6475c3180,50037350.0,Western daughter another little put run prepare expect.
e4788ee4f5e90c6f42cedc5116acd2d6475c3180,1453104568.0,Wonder none ahead government language born.
e4788ee4f5e90c6f42cedc5116acd2d6475c3180,8581929.0,Long chair heart blood drive value.
256ccb81d8c3bb63f4299195584b8e9f9d60187a,102801199.0,Above sea too voice society.
256ccb81d8c3bb63f4299195584b8e9f9d60187a,144404817.0,Test first company history.
256ccb81d8c3bb63f4299195584b8e9f9d60187a,1710398.0,Politics affect tell I people theory determine light.
19b93280f17696a4ddfa2c75490a50ab107addf2,83388028.0,Character plan then base.
19b93280f17696a4ddfa2c75490a50ab107addf2,79404966.0,Message official prove before.
19b93280f17696a4ddfa2c75490a50ab107addf2,102608570.0,Project third section ready.
1d2d3fa967d7688e352a86ed77ff762fc6c555ec,48667025.0,Key rate consider room.
1d2d3fa967d7688e352a86ed77ff762fc6c555ec,2577310.0,Cost suddenly watch recently tonight thousand nature use.
1d2d3fa967d7688e352a86ed77ff762fc6c555ec,113087456.0,Result author get positive name appear five.
52e510271b172d098ec9b107a4159216ec08527e,143754359.0,Direction there toward large radio.
52e510271b172d098ec9b107a4159216ec08527e,2383424.0,Be to hit form.
52e510271b172d098ec9b107a4159216ec08527e,123247135.0,Fire ball manager manage.
57e7a7323f58a35f5e2cc33bf17d4ac9cdcafdd4,3356500.0,Point keep pattern air station indicate level.
57e7a7323f58a35f5e2cc33bf17d4ac9cdcafdd4,32226094.0,Down allow modern thing as drug daughter.
57e7a7323f58a35f5e2cc33bf17d4ac9cdcafdd4,2254233737.0,Less kitchen them way network sell.
f76fb3641b7fdbb8aba2eb40217d0c17dcdca682,143656578.0,West modern age would as magazine guy.
f76fb3641b7fdbb8aba2eb40217d0c17dcdca682,50632287.0,Modern down real election.
f76fb3641b7fdbb8aba2eb40217d0c17dcdca682,1718214.0,Maybe kid must idea.
fa60b6806050255a77699bd0f9f5d824884c5162,118860642.0,Federal career play yet citizen.
fa60b6806050255a77699bd0f9f5d824884c5162,1720124.0,Compare left magazine wish rule step check your.
fa60b6806050255a77699bd0f9f5d824884c5162,2089054636.0,Realize yet race.
fd495d6cf7c3169bc58550fdf32be6e16e2800f8,153440022.0,Story order but.
fd495d6cf7c3169bc58550fdf32be6e16e2800f8,145639495.0,Parent national push right establish.
fd495d6cf7c3169bc58550fdf32be6e16e2800f8,2262395240.0,Perhaps program team sport.
90485e0ce54c1ad12a2d01362a007ab107d71063,2149809741.0,Hand majority letter above despite on.
90485e0ce54c1ad12a2d01362a007ab107d71063,48667025.0,Debate operation student compare between.
90485e0ce54c1ad12a2d01362a007ab107d71063,153535731.0,Whose sport ability man camera watch upon.
63c4adf203e2e0f9895ff82485a0a701cf3cb650,2239166409.0,Spend at six product eight gun.
63c4adf203e2e0f9895ff82485a0a701cf3cb650,3264408.0,Enjoy physical five allow series season.
63c4adf203e2e0f9895ff82485a0a701cf3cb650,49454094.0,Current practice ever president something market enter.
2fabff697cd0ec343490f89e8e6587200d97f378,2225852.0,Want southern trade without prove put.
2fabff697cd0ec343490f89e8e6587200d97f378,2155125051.0,Room down turn right.
2fabff697cd0ec343490f89e8e6587200d97f378,,And test ahead evening.
98c25683fc8d6446448b734b1bcf08e1457f8d85,2350447013.0,Stay like win catch listen.
98c25683fc8d6446448b734b1bcf08e1457f8d85,2152348371.0,President rich something born treat stuff front.
98c25683fc8d6446448b734b1bcf08e1457f8d85,2427076.0,Term team of where everything maybe.
7b1a7f8fcab2d1671cd907c9bafa81cb784bac1c,115826295.0,Hard artist upon tough.
7b1a7f8fcab2d1671cd907c9bafa81cb784bac1c,1859872.0,Fill rate contain learn sea drive.
7b1a7f8fcab2d1671cd907c9bafa81cb784bac1c,2107966707.0,Appear talk call discussion dream receive.
eb41f630c7fbd1b41a4fbb41dc4b1bffa8e1cf95,2244859858.0,Wife point foreign fight glass market late.
eb41f630c7fbd1b41a4fbb41dc4b1bffa8e1cf95,48738717.0,Real degree ability assume relationship human yes.
eb41f630c7fbd1b41a4fbb41dc4b1bffa8e1cf95,2110773815.0,Environmental expert cell you we fly.
1ff4bd599b950218f0517fb76ee49ad0599e1c53,2273875567.0,Physical goal head collection understand evidence project quality.
1ff4bd599b950218f0517fb76ee49ad0599e1c53,2049071558.0,Meet reason dream much school.
1ff4bd599b950218f0517fb76ee49ad0599e1c53,2249516636.0,Sense include receive decide vote business half.
625bdb87e5750faf96fd0c59cb274ff9dda9cbb3,8493461.0,Visit receive take behind.
625bdb87e5750faf96fd0c59cb274ff9dda9cbb3,2109308930.0,Population try region road.
625bdb87e5750faf96fd0c59cb274ff9dda9cbb3,40046694.0,Number represent collection here these.
a41d8c4eddf4054ef080c7edec21b39c492892ee,120658773.0,Million Republican bed specific church.
a41d8c4eddf4054ef080c7edec21b39c492892ee,8581929.0,Recent exactly level series community.
a41d8c4eddf4054ef080c7edec21b39c492892ee,3089272.0,Artist moment century.
7389b6ebbf36f4d869a02e305e2ef52ad2c92264,39978391.0,Less carry recognize wear once current fill.
7389b6ebbf36f4d869a02e305e2ef52ad2c92264,2151893083.0,Here particular never along American child teach themselves.
7389b6ebbf36f4d869a02e305e2ef52ad2c92264,2109083.0,In teacher media.
70d692ea21491d6d776b2509026e2d366a315fff,2087049085.0,Organization care data recently.
70d692ea21491d6d776b2509026e2d366a315fff,2803194.0,Detail choose mind event especially serious.
70d692ea21491d6d776b2509026e2d366a315fff,1790928.0,Nearly receive with everybody.
be620beb5e8209fefd28cf26b288c74c7ae30db1,46584000.0,None especially move relate remember energy line down.
be620beb5e8209fefd28cf26b288c74c7ae30db1,40367217.0,Enjoy much cup leave.
be620beb5e8209fefd28cf26b288c74c7ae30db1,145820435.0,Structure issue still year western really sea option.
1b54ecd153bcb9283bacf12d448a12ff871b51fc,32226094.0,Now something say.
1b54ecd153bcb9283bacf12d448a12ff871b51fc,8632990.0,Statement huge bit own it former.
1b54ecd153bcb9283bacf12d448a12ff871b51fc,2435233.0,Many soldier enter include a force office.
0ff76dd78e47f4534ee148b644f1f2707bc70df5,1723397.0,Property professor lay claim television off both reflect.
0ff76dd78e47f4534ee148b644f1f2707bc70df5,2305822285.0,Yard deep wall.
0ff76dd78e47f4534ee148b644f1f2707bc70df5,2115811945.0,Keep service main according huge state.
703a72ad206272d2022c9b1d7eb775e275f4b39c,2319238.0,Finally away well skin people.
703a72ad206272d2022c9b1d7eb775e275f4b39c,145917501.0,Spring thing sport offer assume.
703a72ad206272d2022c9b1d7eb775e275f4b39c,143754359.0,Central computer send vote many remain never.
8002fefd7bcc66c23a8d49aa9a7ae8d4a9885ad3,2152196535.0,College citizen she.
8002fefd7bcc66c23a8d49aa9a7ae8d4a9885ad3,2156059845.0,Movie draw share employee push even purpose.
8002fefd7bcc66c23a8d49aa9a7ae8d4a9885ad3,50383679.0,Look similar outside popular security actually.
